<?xml version="1.0" encoding="utf-8"?><feed xmlns="http://www.w3.org/2005/Atom" ><generator uri="https://jekyllrb.com/" version="3.8.5">Jekyll</generator><link href="http://localhost:4000/bootcamp/feed.xml" rel="self" type="application/atom+xml" /><link href="http://localhost:4000/bootcamp/" rel="alternate" type="text/html" /><updated>2020-04-19T10:45:59+07:00</updated><id>http://localhost:4000/bootcamp/feed.xml</id><title type="html">Bootcamp to be a Software Engineer</title><subtitle>Write an awesome description for your new site here. You can edit this line in _config.yml. It will appear in your document head meta (for Google search results) and in your feed.xml site description.</subtitle><author><name>Dimas Maryanto</name></author><entry xml:lang="java-jdbc-psql"><title type="html">Pengenalan JDBC dengan PostgreSQL Database</title><link href="http://localhost:4000/bootcamp/java/jdbc/postgresql/jdbc-psql-001-intro" rel="alternate" type="text/html" title="Pengenalan JDBC dengan PostgreSQL Database" /><published>2020-04-14T19:38:52+07:00</published><updated>2020-04-14T19:38:52+07:00</updated><id>http://localhost:4000/bootcamp/java/jdbc/postgresql/jdbc-psql-001-intro</id><content type="html" xml:base="http://localhost:4000/bootcamp/java/jdbc/postgresql/jdbc-psql-001-intro">&lt;p&gt;Hi in this section &lt;code class=&quot;highlighter-rouge&quot;&gt;JDBC dengan PostgreSQL&lt;/code&gt;, temen-temen akan belajar mengintegrasikan database PostgreSQL dengan Java untuk mengakses data pada sebuah Tabel dalam Database dengan menggunakan teknologi JDBC atau singkatan dari &lt;strong&gt;Java Database Conectivity&lt;/strong&gt;.&lt;/p&gt;

&lt;p&gt;Adapun materi yang akan kita bahas yaitu,&lt;/p&gt;

&lt;ol&gt;
  &lt;li&gt;Pengenalan JDBC&lt;/li&gt;
  &lt;li&gt;Setup Development Environment
    &lt;ol&gt;
      &lt;li&gt;Membuat project dengan Apache Maven&lt;/li&gt;
      &lt;li&gt;Download JDBC client untuk database PostgreSQL&lt;/li&gt;
      &lt;li&gt;Include jar lib ke project&lt;/li&gt;
    &lt;/ol&gt;
  &lt;/li&gt;
  &lt;li&gt;Membuat koneksi ke database menggunakan authentication (user/password)
    &lt;ol&gt;
      &lt;li&gt;Memahami fungsi dari object Connection, JDBC URL, DriverClassName&lt;/li&gt;
      &lt;li&gt;Memahami fungsi dari object DataSource&lt;/li&gt;
    &lt;/ol&gt;
  &lt;/li&gt;
  &lt;li&gt;Select dengan object Statement&lt;/li&gt;
  &lt;li&gt;Select dengan object PreparedStatement&lt;/li&gt;
  &lt;li&gt;Transactional dengan JDBC&lt;/li&gt;
  &lt;li&gt;Batch Processing&lt;/li&gt;
  &lt;li&gt;Call store-procedure&lt;/li&gt;
&lt;/ol&gt;

&lt;p&gt;Ya dengan materi dasar yang telah paparkan di atas, diharapkan temen-temen bisa memahami pengunaan JDBC dengan PostgreSQL. i hope you enjoy with this course see you in next section.&lt;/p&gt;</content><author><name>Dimas Maryanto</name></author><summary type="html">Hi in this section JDBC dengan PostgreSQL, temen-temen akan belajar mengintegrasikan database PostgreSQL dengan Java untuk mengakses data pada sebuah Tabel dalam Database dengan menggunakan teknologi JDBC atau singkatan dari Java Database Conectivity.</summary></entry><entry xml:lang="psql"><title type="html">Time is your to practice part 3</title><link href="http://localhost:4000/bootcamp/rdbms/postgresql/037-quis-section-3" rel="alternate" type="text/html" title="Time is your to practice part 3" /><published>2020-01-06T14:55:25+07:00</published><updated>2020-01-06T14:55:25+07:00</updated><id>http://localhost:4000/bootcamp/rdbms/postgresql/037-quis-section-3</id><content type="html" xml:base="http://localhost:4000/bootcamp/rdbms/postgresql/037-quis-section-3">&lt;ol&gt;
  &lt;li&gt;Tambahkan data ke tabel &lt;code class=&quot;highlighter-rouge&quot;&gt;countries&lt;/code&gt; dengan data seperti berikut
&lt;img src=&quot;/bootcamp/resources/posts/psql-quis-3/soal1.png&quot; alt=&quot;data insert query countries&quot; /&gt;&lt;/li&gt;
  &lt;li&gt;Tambahkan data ke tabel &lt;code class=&quot;highlighter-rouge&quot;&gt;locations&lt;/code&gt; dengan data seperti berikut
&lt;img src=&quot;/bootcamp/resources/posts/psql-quis-3/soal2.png&quot; alt=&quot;data insert query locations&quot; /&gt;&lt;/li&gt;
  &lt;li&gt;Updatelah &lt;code class=&quot;highlighter-rouge&quot;&gt;commission_pct&lt;/code&gt; menjadi &lt;code class=&quot;highlighter-rouge&quot;&gt;10%&lt;/code&gt; dari table &lt;code class=&quot;highlighter-rouge&quot;&gt;employees&lt;/code&gt; yang memiliki &lt;code class=&quot;highlighter-rouge&quot;&gt;job_id = 'IT_PROG'&lt;/code&gt; kecuali &lt;code class=&quot;highlighter-rouge&quot;&gt;employee_id = 104&lt;/code&gt;, jika di tampilkan hasilnya seperti berikut:
&lt;img src=&quot;/bootcamp/resources/posts/psql-quis-3/hasil3.png&quot; alt=&quot;hasil query&quot; /&gt;&lt;/li&gt;
  &lt;li&gt;Buatlah tabel &lt;code class=&quot;highlighter-rouge&quot;&gt;karyawan_tdi&lt;/code&gt; dengan perancagan seperti berikut:
&lt;img src=&quot;/bootcamp/resources/posts/psql-quis-3/soal4.png&quot; alt=&quot;perancangan tabel&quot; /&gt;
&lt;strong&gt;Keterangan&lt;/strong&gt;
    &lt;ol&gt;
      &lt;li&gt;column &lt;code class=&quot;highlighter-rouge&quot;&gt;kode_karyawan&lt;/code&gt; adalah &lt;em&gt;primary key&lt;/em&gt;&lt;/li&gt;
      &lt;li&gt;column &lt;code class=&quot;highlighter-rouge&quot;&gt;alamat_rumah&lt;/code&gt; berelasi dengan table &lt;code class=&quot;highlighter-rouge&quot;&gt;locations&lt;/code&gt;&lt;/li&gt;
      &lt;li&gt;column &lt;code class=&quot;highlighter-rouge&quot;&gt;alamat_domisili&lt;/code&gt; berelasi dengan tabel &lt;code class=&quot;highlighter-rouge&quot;&gt;locations&lt;/code&gt;&lt;/li&gt;
      &lt;li&gt;column &lt;code class=&quot;highlighter-rouge&quot;&gt;jabatan&lt;/code&gt; berelasi dengan &lt;code class=&quot;highlighter-rouge&quot;&gt;jobs&lt;/code&gt;&lt;/li&gt;
      &lt;li&gt;column &lt;code class=&quot;highlighter-rouge&quot;&gt;bagian&lt;/code&gt; berelasi dengan &lt;code class=&quot;highlighter-rouge&quot;&gt;departments&lt;/code&gt;&lt;/li&gt;
    &lt;/ol&gt;
  &lt;/li&gt;
  &lt;li&gt;Buatlah data pada tabel &lt;code class=&quot;highlighter-rouge&quot;&gt;karyawan_tdi&lt;/code&gt; seperti berikut:
&lt;img src=&quot;/bootcamp/resources/posts/psql-quis-3/soal5.png&quot; alt=&quot;data insert query tabel karyawan_tdi&quot; /&gt;&lt;/li&gt;
  &lt;li&gt;Buatlah query untuk menapilkan data seperti berikut:
&lt;img src=&quot;/bootcamp/resources/posts/psql-quis-3/soal6.png&quot; alt=&quot;data karyawan_tdi&quot; /&gt;&lt;/li&gt;
  &lt;li&gt;Buatlah query untuk menggabungkan data dari table &lt;code class=&quot;highlighter-rouge&quot;&gt;employees&lt;/code&gt; dan &lt;code class=&quot;highlighter-rouge&quot;&gt;karyawan_tdi&lt;/code&gt; yang memiliki &lt;code class=&quot;highlighter-rouge&quot;&gt;job_id = 'IT_PROG'&lt;/code&gt; seperti berikut:
&lt;img src=&quot;/bootcamp/resources/posts/psql-quis-3/soal7.png&quot; alt=&quot;union table&quot; /&gt;&lt;/li&gt;
&lt;/ol&gt;

&lt;h2 id=&quot;my-solution&quot;&gt;My Solution&lt;/h2&gt;

&lt;p&gt;This is my way, download &lt;a href=&quot;/bootcamp/resources/downloads/file/psql.quis-3.zip&quot;&gt;disini&lt;/a&gt;&lt;/p&gt;</content><author><name>Dimas Maryanto</name></author><summary type="html">Tambahkan data ke tabel countries dengan data seperti berikut Tambahkan data ke tabel locations dengan data seperti berikut Updatelah commission_pct menjadi 10% dari table employees yang memiliki job_id = 'IT_PROG' kecuali employee_id = 104, jika di tampilkan hasilnya seperti berikut: Buatlah tabel karyawan_tdi dengan perancagan seperti berikut: Keterangan column kode_karyawan adalah primary key column alamat_rumah berelasi dengan table locations column alamat_domisili berelasi dengan tabel locations column jabatan berelasi dengan jobs column bagian berelasi dengan departments Buatlah data pada tabel karyawan_tdi seperti berikut: Buatlah query untuk menapilkan data seperti berikut: Buatlah query untuk menggabungkan data dari table employees dan karyawan_tdi yang memiliki job_id = 'IT_PROG' seperti berikut:</summary></entry><entry xml:lang="psql"><title type="html">DDL - Generator default value untuk Primary Key</title><link href="http://localhost:4000/bootcamp/rdbms/postgresql/035-ddl-primary-key-generator-value" rel="alternate" type="text/html" title="DDL - Generator default value untuk Primary Key" /><published>2020-01-03T14:33:33+07:00</published><updated>2020-01-03T14:33:33+07:00</updated><id>http://localhost:4000/bootcamp/rdbms/postgresql/035-ddl-primary-key-generator-value</id><content type="html" xml:base="http://localhost:4000/bootcamp/rdbms/postgresql/035-ddl-primary-key-generator-value">&lt;p&gt;Untuk membuat unique value ada 2 type yang kita bisa gunakan yaitu dengan Sequence Method dan Unique Identifier Method.&lt;/p&gt;

&lt;h2 id=&quot;sequential&quot;&gt;Sequential&lt;/h2&gt;

&lt;p&gt;yang pertama kita bahas tentang sequential yaitu sebuah nilai generator yang secara value akan naik terus atau increment. Mengunakan sequence sebagai nilai default pada primary key, ada beberapa cara yaitu&lt;/p&gt;

&lt;ol&gt;
  &lt;li&gt;
    &lt;p&gt;Medefininsikan column bertipe data &lt;code class=&quot;highlighter-rouge&quot;&gt;serial&lt;/code&gt; atau &lt;code class=&quot;highlighter-rouge&quot;&gt;bigserial&lt;/code&gt;&lt;/p&gt;

    &lt;div class=&quot;language-sql highlighter-rouge&quot;&gt;&lt;div class=&quot;highlight&quot;&gt;&lt;pre class=&quot;highlight&quot;&gt;&lt;code&gt; &lt;span class=&quot;k&quot;&gt;CREATE&lt;/span&gt; &lt;span class=&quot;k&quot;&gt;TABLE&lt;/span&gt; &lt;span class=&quot;n&quot;&gt;products&lt;/span&gt; &lt;span class=&quot;p&quot;&gt;(&lt;/span&gt;
     &lt;span class=&quot;n&quot;&gt;id&lt;/span&gt; &lt;span class=&quot;n&quot;&gt;bigserial&lt;/span&gt; &lt;span class=&quot;k&quot;&gt;primary&lt;/span&gt; &lt;span class=&quot;k&quot;&gt;key&lt;/span&gt;&lt;span class=&quot;p&quot;&gt;,&lt;/span&gt;
     &lt;span class=&quot;n&quot;&gt;name&lt;/span&gt; &lt;span class=&quot;n&quot;&gt;character&lt;/span&gt; &lt;span class=&quot;n&quot;&gt;varying&lt;/span&gt;&lt;span class=&quot;p&quot;&gt;(&lt;/span&gt;&lt;span class=&quot;mi&quot;&gt;60&lt;/span&gt;&lt;span class=&quot;p&quot;&gt;)&lt;/span&gt; &lt;span class=&quot;k&quot;&gt;not&lt;/span&gt; &lt;span class=&quot;k&quot;&gt;null&lt;/span&gt;&lt;span class=&quot;p&quot;&gt;,&lt;/span&gt;
     &lt;span class=&quot;n&quot;&gt;price_sell&lt;/span&gt; &lt;span class=&quot;n&quot;&gt;decimal&lt;/span&gt;
 &lt;span class=&quot;p&quot;&gt;);&lt;/span&gt;
&lt;/code&gt;&lt;/pre&gt;&lt;/div&gt;    &lt;/div&gt;

    &lt;p&gt;secara default akan membuat sequence dengan nama &lt;code class=&quot;highlighter-rouge&quot;&gt;[table-name]_[column-use]_seq&lt;/code&gt;&lt;/p&gt;
  &lt;/li&gt;
  &lt;li&gt;
    &lt;p&gt;Mendefinisikan object sequence secara terpisah:&lt;/p&gt;

    &lt;div class=&quot;language-sql highlighter-rouge&quot;&gt;&lt;div class=&quot;highlight&quot;&gt;&lt;pre class=&quot;highlight&quot;&gt;&lt;code&gt; &lt;span class=&quot;k&quot;&gt;CREATE&lt;/span&gt; &lt;span class=&quot;n&quot;&gt;SEQUENCE&lt;/span&gt; &lt;span class=&quot;n&quot;&gt;IF&lt;/span&gt; &lt;span class=&quot;k&quot;&gt;NOT&lt;/span&gt; &lt;span class=&quot;k&quot;&gt;EXISTS&lt;/span&gt; &lt;span class=&quot;n&quot;&gt;products_id_seq&lt;/span&gt; 
 &lt;span class=&quot;k&quot;&gt;START&lt;/span&gt; &lt;span class=&quot;k&quot;&gt;WITH&lt;/span&gt;  &lt;span class=&quot;mi&quot;&gt;1&lt;/span&gt; 
 &lt;span class=&quot;k&quot;&gt;INCREMENT&lt;/span&gt;  &lt;span class=&quot;k&quot;&gt;BY&lt;/span&gt; &lt;span class=&quot;mi&quot;&gt;1&lt;/span&gt;&lt;span class=&quot;p&quot;&gt;;&lt;/span&gt;

 &lt;span class=&quot;k&quot;&gt;CREATE&lt;/span&gt; &lt;span class=&quot;k&quot;&gt;TABLE&lt;/span&gt; &lt;span class=&quot;n&quot;&gt;products&lt;/span&gt; &lt;span class=&quot;p&quot;&gt;(&lt;/span&gt;
     &lt;span class=&quot;n&quot;&gt;id&lt;/span&gt; &lt;span class=&quot;n&quot;&gt;integer&lt;/span&gt; &lt;span class=&quot;k&quot;&gt;primary&lt;/span&gt; &lt;span class=&quot;k&quot;&gt;key&lt;/span&gt; &lt;span class=&quot;k&quot;&gt;default&lt;/span&gt; &lt;span class=&quot;n&quot;&gt;nextval&lt;/span&gt;&lt;span class=&quot;p&quot;&gt;(&lt;/span&gt;&lt;span class=&quot;s1&quot;&gt;'products_id_seq'&lt;/span&gt;&lt;span class=&quot;p&quot;&gt;),&lt;/span&gt;
     &lt;span class=&quot;n&quot;&gt;name&lt;/span&gt; &lt;span class=&quot;n&quot;&gt;character&lt;/span&gt; &lt;span class=&quot;n&quot;&gt;varying&lt;/span&gt;&lt;span class=&quot;p&quot;&gt;(&lt;/span&gt;&lt;span class=&quot;mi&quot;&gt;60&lt;/span&gt;&lt;span class=&quot;p&quot;&gt;)&lt;/span&gt; &lt;span class=&quot;k&quot;&gt;not&lt;/span&gt; &lt;span class=&quot;k&quot;&gt;null&lt;/span&gt;&lt;span class=&quot;p&quot;&gt;,&lt;/span&gt;
     &lt;span class=&quot;n&quot;&gt;price_sell&lt;/span&gt; &lt;span class=&quot;n&quot;&gt;decimal&lt;/span&gt;
 &lt;span class=&quot;p&quot;&gt;);&lt;/span&gt;
&lt;/code&gt;&lt;/pre&gt;&lt;/div&gt;    &lt;/div&gt;
  &lt;/li&gt;
&lt;/ol&gt;

&lt;p&gt;Setelah kita mendefinisikan sequence kita bisa entry data tanpa harus set kolom &lt;code class=&quot;highlighter-rouge&quot;&gt;id&lt;/code&gt; karena secara otomatis nilainya diisi dengan object sequence, berikut querynya:&lt;/p&gt;

&lt;div class=&quot;language-sql highlighter-rouge&quot;&gt;&lt;div class=&quot;highlight&quot;&gt;&lt;pre class=&quot;highlight&quot;&gt;&lt;code&gt;&lt;span class=&quot;k&quot;&gt;insert&lt;/span&gt; &lt;span class=&quot;k&quot;&gt;into&lt;/span&gt; &lt;span class=&quot;n&quot;&gt;products&lt;/span&gt; &lt;span class=&quot;p&quot;&gt;(&lt;/span&gt;&lt;span class=&quot;n&quot;&gt;name&lt;/span&gt;&lt;span class=&quot;p&quot;&gt;,&lt;/span&gt; &lt;span class=&quot;n&quot;&gt;price_sell&lt;/span&gt;&lt;span class=&quot;p&quot;&gt;)&lt;/span&gt;
&lt;span class=&quot;k&quot;&gt;values&lt;/span&gt; &lt;span class=&quot;p&quot;&gt;(&lt;/span&gt;&lt;span class=&quot;s1&quot;&gt;'Macbook Pro 13&quot; 2017'&lt;/span&gt;&lt;span class=&quot;p&quot;&gt;,&lt;/span&gt; &lt;span class=&quot;mi&quot;&gt;28000000&lt;/span&gt;&lt;span class=&quot;p&quot;&gt;),&lt;/span&gt; 
        &lt;span class=&quot;p&quot;&gt;(&lt;/span&gt;&lt;span class=&quot;s1&quot;&gt;'Ipad Pro 11&quot; 2018 Wifi + Celular'&lt;/span&gt;&lt;span class=&quot;p&quot;&gt;,&lt;/span&gt; &lt;span class=&quot;mi&quot;&gt;15000000&lt;/span&gt;&lt;span class=&quot;p&quot;&gt;);&lt;/span&gt;
&lt;/code&gt;&lt;/pre&gt;&lt;/div&gt;&lt;/div&gt;

&lt;h2 id=&quot;unique-identifier--uuid&quot;&gt;Unique Identifier / UUID&lt;/h2&gt;

&lt;p&gt;UUID yaitu random value dengan format sequence of lower-case hexadecimal digits yang berjumlah 32 karakter, tetapi secara default UUID ini belum aktif, untuk mengaktifkannya kita harus execute query berikut:&lt;/p&gt;

&lt;div class=&quot;language-sql highlighter-rouge&quot;&gt;&lt;div class=&quot;highlight&quot;&gt;&lt;pre class=&quot;highlight&quot;&gt;&lt;code&gt;&lt;span class=&quot;k&quot;&gt;DROP&lt;/span&gt; &lt;span class=&quot;n&quot;&gt;EXTENSION&lt;/span&gt; &lt;span class=&quot;n&quot;&gt;IF&lt;/span&gt; &lt;span class=&quot;k&quot;&gt;NOT&lt;/span&gt; &lt;span class=&quot;k&quot;&gt;EXISTS&lt;/span&gt; &lt;span class=&quot;nv&quot;&gt;&quot;uuid-ossp&quot;&lt;/span&gt;&lt;span class=&quot;p&quot;&gt;;&lt;/span&gt;
&lt;span class=&quot;k&quot;&gt;CREATE&lt;/span&gt; &lt;span class=&quot;n&quot;&gt;EXTENSION&lt;/span&gt; &lt;span class=&quot;n&quot;&gt;IF&lt;/span&gt; &lt;span class=&quot;k&quot;&gt;NOT&lt;/span&gt; &lt;span class=&quot;k&quot;&gt;EXISTS&lt;/span&gt; &lt;span class=&quot;nv&quot;&gt;&quot;uuid-ossp&quot;&lt;/span&gt;&lt;span class=&quot;p&quot;&gt;;&lt;/span&gt;
&lt;/code&gt;&lt;/pre&gt;&lt;/div&gt;&lt;/div&gt;

&lt;p&gt;Berikut adalah contoh penggunaan UUID sebagai default value primary key:&lt;/p&gt;

&lt;div class=&quot;language-sql highlighter-rouge&quot;&gt;&lt;div class=&quot;highlight&quot;&gt;&lt;pre class=&quot;highlight&quot;&gt;&lt;code&gt;&lt;span class=&quot;k&quot;&gt;CREATE&lt;/span&gt; &lt;span class=&quot;k&quot;&gt;TABLE&lt;/span&gt; &lt;span class=&quot;n&quot;&gt;articles&lt;/span&gt; &lt;span class=&quot;p&quot;&gt;(&lt;/span&gt;
    &lt;span class=&quot;n&quot;&gt;id&lt;/span&gt;              &lt;span class=&quot;n&quot;&gt;character&lt;/span&gt; &lt;span class=&quot;n&quot;&gt;varying&lt;/span&gt;&lt;span class=&quot;p&quot;&gt;(&lt;/span&gt;&lt;span class=&quot;mi&quot;&gt;64&lt;/span&gt;&lt;span class=&quot;p&quot;&gt;)&lt;/span&gt;           &lt;span class=&quot;k&quot;&gt;primary&lt;/span&gt; &lt;span class=&quot;k&quot;&gt;key&lt;/span&gt; &lt;span class=&quot;k&quot;&gt;default&lt;/span&gt; &lt;span class=&quot;n&quot;&gt;uuid_generate_v4&lt;/span&gt;&lt;span class=&quot;p&quot;&gt;(),&lt;/span&gt;
    &lt;span class=&quot;n&quot;&gt;filename&lt;/span&gt;        &lt;span class=&quot;n&quot;&gt;character&lt;/span&gt; &lt;span class=&quot;n&quot;&gt;varying&lt;/span&gt;&lt;span class=&quot;p&quot;&gt;(&lt;/span&gt;&lt;span class=&quot;mi&quot;&gt;60&lt;/span&gt;&lt;span class=&quot;p&quot;&gt;)&lt;/span&gt; &lt;span class=&quot;k&quot;&gt;not&lt;/span&gt; &lt;span class=&quot;k&quot;&gt;null&lt;/span&gt;&lt;span class=&quot;p&quot;&gt;,&lt;/span&gt;
    &lt;span class=&quot;n&quot;&gt;release_date&lt;/span&gt;    &lt;span class=&quot;n&quot;&gt;date&lt;/span&gt;
&lt;span class=&quot;p&quot;&gt;);&lt;/span&gt;
&lt;/code&gt;&lt;/pre&gt;&lt;/div&gt;&lt;/div&gt;

&lt;p&gt;Setelah kita mengaktifkan module &lt;code class=&quot;highlighter-rouge&quot;&gt;uuid-ossp&lt;/code&gt;, kita bisa entry data tanpa harus set kolom &lt;code class=&quot;highlighter-rouge&quot;&gt;id&lt;/code&gt; karena secara otomatis nilainya diisi dengan object UUID, berikut querynya:&lt;/p&gt;

&lt;div class=&quot;language-sql highlighter-rouge&quot;&gt;&lt;div class=&quot;highlight&quot;&gt;&lt;pre class=&quot;highlight&quot;&gt;&lt;code&gt;&lt;span class=&quot;k&quot;&gt;insert&lt;/span&gt; &lt;span class=&quot;k&quot;&gt;into&lt;/span&gt; &lt;span class=&quot;n&quot;&gt;articles&lt;/span&gt; &lt;span class=&quot;p&quot;&gt;(&lt;/span&gt;&lt;span class=&quot;n&quot;&gt;filename&lt;/span&gt;&lt;span class=&quot;p&quot;&gt;,&lt;/span&gt; &lt;span class=&quot;n&quot;&gt;release_date&lt;/span&gt;&lt;span class=&quot;p&quot;&gt;)&lt;/span&gt;
&lt;span class=&quot;k&quot;&gt;values&lt;/span&gt; &lt;span class=&quot;p&quot;&gt;(&lt;/span&gt;&lt;span class=&quot;s1&quot;&gt;'Java core'&lt;/span&gt;&lt;span class=&quot;p&quot;&gt;,&lt;/span&gt; &lt;span class=&quot;s1&quot;&gt;'2019-12-10'&lt;/span&gt;&lt;span class=&quot;p&quot;&gt;),&lt;/span&gt; 
        &lt;span class=&quot;p&quot;&gt;(&lt;/span&gt;&lt;span class=&quot;s1&quot;&gt;'Elasticsearc for query searching'&lt;/span&gt;&lt;span class=&quot;p&quot;&gt;,&lt;/span&gt; &lt;span class=&quot;s1&quot;&gt;'2019-12-10'&lt;/span&gt;&lt;span class=&quot;p&quot;&gt;);&lt;/span&gt;
&lt;/code&gt;&lt;/pre&gt;&lt;/div&gt;&lt;/div&gt;</content><author><name>Dimas Maryanto</name></author><summary type="html">Untuk membuat unique value ada 2 type yang kita bisa gunakan yaitu dengan Sequence Method dan Unique Identifier Method.</summary></entry><entry xml:lang="psql"><title type="html">DDL - Macam-macam Constraint pada Database PostgreSQL</title><link href="http://localhost:4000/bootcamp/rdbms/postgresql/034-ddl-constraints" rel="alternate" type="text/html" title="DDL - Macam-macam Constraint pada Database PostgreSQL" /><published>2020-01-02T16:01:04+07:00</published><updated>2020-01-02T16:01:04+07:00</updated><id>http://localhost:4000/bootcamp/rdbms/postgresql/034-ddl-constraints</id><content type="html" xml:base="http://localhost:4000/bootcamp/rdbms/postgresql/034-ddl-constraints">&lt;p&gt;Sebuah &lt;strong&gt;Constraint&lt;/strong&gt; digunakan untuk memvalidasi / mengontrol data yang dapat di simpan pada sebuah table / kolom. &lt;strong&gt;Constraint&lt;/strong&gt; dibagi menjadi beberapa macam yaitu:&lt;/p&gt;

&lt;ol&gt;
  &lt;li&gt;Not Null&lt;/li&gt;
  &lt;li&gt;Unique&lt;/li&gt;
  &lt;li&gt;Check&lt;/li&gt;
  &lt;li&gt;Primary key&lt;/li&gt;
  &lt;li&gt;Foreign keys&lt;/li&gt;
&lt;/ol&gt;

&lt;h2 id=&quot;constraint-not-null&quot;&gt;Constraint Not Null&lt;/h2&gt;

&lt;p&gt;Constraint &lt;strong&gt;Not Null&lt;/strong&gt; diterapkan pada column tertentu dalam sebuah table, dengan tujuan untuk memvalidasi data yang kita entry tidak dapat bernilai null. Contoh penggunaanya seperti berikut:&lt;/p&gt;

&lt;div class=&quot;language-sql highlighter-rouge&quot;&gt;&lt;div class=&quot;highlight&quot;&gt;&lt;pre class=&quot;highlight&quot;&gt;&lt;code&gt;&lt;span class=&quot;k&quot;&gt;CREATE&lt;/span&gt; &lt;span class=&quot;k&quot;&gt;TABLE&lt;/span&gt; &lt;span class=&quot;n&quot;&gt;products&lt;/span&gt; &lt;span class=&quot;p&quot;&gt;(&lt;/span&gt;
    &lt;span class=&quot;n&quot;&gt;product_no&lt;/span&gt; &lt;span class=&quot;n&quot;&gt;integer&lt;/span&gt; &lt;span class=&quot;k&quot;&gt;NOT&lt;/span&gt; &lt;span class=&quot;k&quot;&gt;NULL&lt;/span&gt;&lt;span class=&quot;p&quot;&gt;,&lt;/span&gt;
    &lt;span class=&quot;n&quot;&gt;name&lt;/span&gt; &lt;span class=&quot;n&quot;&gt;text&lt;/span&gt; &lt;span class=&quot;k&quot;&gt;NOT&lt;/span&gt; &lt;span class=&quot;k&quot;&gt;NULL&lt;/span&gt;&lt;span class=&quot;p&quot;&gt;,&lt;/span&gt;
    &lt;span class=&quot;n&quot;&gt;price&lt;/span&gt; &lt;span class=&quot;n&quot;&gt;numeric&lt;/span&gt;
&lt;span class=&quot;p&quot;&gt;);&lt;/span&gt;
&lt;/code&gt;&lt;/pre&gt;&lt;/div&gt;&lt;/div&gt;

&lt;p&gt;Jadi dengan ddl untuk membuat table &lt;code class=&quot;highlighter-rouge&quot;&gt;products&lt;/code&gt; seperti diatas, maka kita &lt;strong&gt;harus mengisi nilai&lt;/strong&gt; pada kolom &lt;code class=&quot;highlighter-rouge&quot;&gt;product_no&lt;/code&gt; dan &lt;code class=&quot;highlighter-rouge&quot;&gt;name&lt;/code&gt;, tidak boleh &lt;code class=&quot;highlighter-rouge&quot;&gt;null&lt;/code&gt;. Contohnya dengan perintah entry yang salah seperti berikut:&lt;/p&gt;

&lt;div class=&quot;language-sql highlighter-rouge&quot;&gt;&lt;div class=&quot;highlight&quot;&gt;&lt;pre class=&quot;highlight&quot;&gt;&lt;code&gt;&lt;span class=&quot;k&quot;&gt;insert&lt;/span&gt; &lt;span class=&quot;k&quot;&gt;into&lt;/span&gt; &lt;span class=&quot;n&quot;&gt;products&lt;/span&gt; &lt;span class=&quot;p&quot;&gt;(&lt;/span&gt;&lt;span class=&quot;n&quot;&gt;product_no&lt;/span&gt;&lt;span class=&quot;p&quot;&gt;,&lt;/span&gt; &lt;span class=&quot;n&quot;&gt;name&lt;/span&gt;&lt;span class=&quot;p&quot;&gt;,&lt;/span&gt; &lt;span class=&quot;n&quot;&gt;price&lt;/span&gt;&lt;span class=&quot;p&quot;&gt;)&lt;/span&gt;
&lt;span class=&quot;k&quot;&gt;values&lt;/span&gt; &lt;span class=&quot;p&quot;&gt;(&lt;/span&gt;&lt;span class=&quot;k&quot;&gt;null&lt;/span&gt;&lt;span class=&quot;p&quot;&gt;,&lt;/span&gt; &lt;span class=&quot;k&quot;&gt;null&lt;/span&gt;&lt;span class=&quot;p&quot;&gt;,&lt;/span&gt; &lt;span class=&quot;mi&quot;&gt;0&lt;/span&gt;&lt;span class=&quot;p&quot;&gt;);&lt;/span&gt;
&lt;/code&gt;&lt;/pre&gt;&lt;/div&gt;&lt;/div&gt;

&lt;p&gt;Bila di execute maka akan terjadi error: &lt;code class=&quot;highlighter-rouge&quot;&gt;error insert because constraint violence not null&lt;/code&gt;&lt;/p&gt;

&lt;h2 id=&quot;constraint-unique&quot;&gt;Constraint Unique&lt;/h2&gt;

&lt;p&gt;Constraint &lt;strong&gt;Unique&lt;/strong&gt; diterapkan pada column tertentu dalam sebuah tabel, dengan tujuan untuk memvalidasi data yang kita entry tidak boleh sama dengan data yang telah tersedia di table pada kolom tersebut. Contoh pengguanya seperti berikut:&lt;/p&gt;

&lt;div class=&quot;language-sql highlighter-rouge&quot;&gt;&lt;div class=&quot;highlight&quot;&gt;&lt;pre class=&quot;highlight&quot;&gt;&lt;code&gt;&lt;span class=&quot;k&quot;&gt;CREATE&lt;/span&gt; &lt;span class=&quot;k&quot;&gt;TABLE&lt;/span&gt; &lt;span class=&quot;n&quot;&gt;products&lt;/span&gt; &lt;span class=&quot;p&quot;&gt;(&lt;/span&gt;
    &lt;span class=&quot;n&quot;&gt;product_no&lt;/span&gt; &lt;span class=&quot;n&quot;&gt;integer&lt;/span&gt; &lt;span class=&quot;k&quot;&gt;unique&lt;/span&gt;&lt;span class=&quot;p&quot;&gt;,&lt;/span&gt;
    &lt;span class=&quot;n&quot;&gt;name&lt;/span&gt; &lt;span class=&quot;n&quot;&gt;text&lt;/span&gt; &lt;span class=&quot;k&quot;&gt;NOT&lt;/span&gt; &lt;span class=&quot;k&quot;&gt;NULL&lt;/span&gt;&lt;span class=&quot;p&quot;&gt;,&lt;/span&gt;
    &lt;span class=&quot;n&quot;&gt;price&lt;/span&gt; &lt;span class=&quot;n&quot;&gt;numeric&lt;/span&gt;
&lt;span class=&quot;p&quot;&gt;);&lt;/span&gt;
&lt;/code&gt;&lt;/pre&gt;&lt;/div&gt;&lt;/div&gt;

&lt;p&gt;Jadi dengan ddl untuk membuat table &lt;code class=&quot;highlighter-rouge&quot;&gt;products&lt;/code&gt; seperti diatas, maka kita tidak boleh entry data pada kolom &lt;code class=&quot;highlighter-rouge&quot;&gt;product_no&lt;/code&gt; dengan nilai yang sama atau sudah ada di table tersebut. Contoh dengan perintah entry yang salah seperti berikut:&lt;/p&gt;

&lt;div class=&quot;language-sql highlighter-rouge&quot;&gt;&lt;div class=&quot;highlight&quot;&gt;&lt;pre class=&quot;highlight&quot;&gt;&lt;code&gt;&lt;span class=&quot;k&quot;&gt;insert&lt;/span&gt; &lt;span class=&quot;k&quot;&gt;into&lt;/span&gt; &lt;span class=&quot;n&quot;&gt;products&lt;/span&gt; &lt;span class=&quot;p&quot;&gt;(&lt;/span&gt;&lt;span class=&quot;n&quot;&gt;product_no&lt;/span&gt;&lt;span class=&quot;p&quot;&gt;,&lt;/span&gt; &lt;span class=&quot;n&quot;&gt;name&lt;/span&gt;&lt;span class=&quot;p&quot;&gt;,&lt;/span&gt; &lt;span class=&quot;n&quot;&gt;price&lt;/span&gt;&lt;span class=&quot;p&quot;&gt;)&lt;/span&gt;
&lt;span class=&quot;k&quot;&gt;values&lt;/span&gt; &lt;span class=&quot;p&quot;&gt;(&lt;/span&gt;&lt;span class=&quot;mi&quot;&gt;1&lt;/span&gt;&lt;span class=&quot;p&quot;&gt;,&lt;/span&gt; &lt;span class=&quot;s1&quot;&gt;'Apple Macbook Pro 13&quot; 2017'&lt;/span&gt;&lt;span class=&quot;p&quot;&gt;,&lt;/span&gt; &lt;span class=&quot;mi&quot;&gt;28000000&lt;/span&gt;&lt;span class=&quot;p&quot;&gt;);&lt;/span&gt;

&lt;span class=&quot;c1&quot;&gt;-- query ini error karena pada kolom product_no&lt;/span&gt;
&lt;span class=&quot;k&quot;&gt;insert&lt;/span&gt; &lt;span class=&quot;k&quot;&gt;into&lt;/span&gt; &lt;span class=&quot;n&quot;&gt;products&lt;/span&gt; &lt;span class=&quot;p&quot;&gt;(&lt;/span&gt;&lt;span class=&quot;n&quot;&gt;product_no&lt;/span&gt;&lt;span class=&quot;p&quot;&gt;,&lt;/span&gt; &lt;span class=&quot;n&quot;&gt;name&lt;/span&gt;&lt;span class=&quot;p&quot;&gt;,&lt;/span&gt; &lt;span class=&quot;n&quot;&gt;price&lt;/span&gt;&lt;span class=&quot;p&quot;&gt;)&lt;/span&gt;
&lt;span class=&quot;k&quot;&gt;values&lt;/span&gt; &lt;span class=&quot;p&quot;&gt;(&lt;/span&gt;&lt;span class=&quot;mi&quot;&gt;1&lt;/span&gt;&lt;span class=&quot;p&quot;&gt;,&lt;/span&gt; &lt;span class=&quot;s1&quot;&gt;'Apple Ipad Pro 11&quot; 2018'&lt;/span&gt;&lt;span class=&quot;p&quot;&gt;,&lt;/span&gt; &lt;span class=&quot;mi&quot;&gt;15000000&lt;/span&gt;&lt;span class=&quot;p&quot;&gt;);&lt;/span&gt;
&lt;/code&gt;&lt;/pre&gt;&lt;/div&gt;&lt;/div&gt;

&lt;p&gt;Bila di execute maka akan terjadi error: &lt;code class=&quot;highlighter-rouge&quot;&gt;error insert because constraint violence unique&lt;/code&gt;.&lt;/p&gt;

&lt;p&gt;Selain itu juga Constraint unique dapat di terapkan di beberapa kolom sekaligus, contohnya seperti berikut:&lt;/p&gt;

&lt;div class=&quot;language-sql highlighter-rouge&quot;&gt;&lt;div class=&quot;highlight&quot;&gt;&lt;pre class=&quot;highlight&quot;&gt;&lt;code&gt;&lt;span class=&quot;k&quot;&gt;CREATE&lt;/span&gt; &lt;span class=&quot;k&quot;&gt;TABLE&lt;/span&gt; &lt;span class=&quot;n&quot;&gt;articles&lt;/span&gt; &lt;span class=&quot;p&quot;&gt;(&lt;/span&gt;
    &lt;span class=&quot;n&quot;&gt;file_name&lt;/span&gt; &lt;span class=&quot;n&quot;&gt;character&lt;/span&gt; &lt;span class=&quot;n&quot;&gt;varying&lt;/span&gt;&lt;span class=&quot;p&quot;&gt;(&lt;/span&gt;&lt;span class=&quot;mi&quot;&gt;60&lt;/span&gt;&lt;span class=&quot;p&quot;&gt;),&lt;/span&gt;
    &lt;span class=&quot;n&quot;&gt;release_date&lt;/span&gt; &lt;span class=&quot;n&quot;&gt;date&lt;/span&gt;&lt;span class=&quot;p&quot;&gt;,&lt;/span&gt;
    &lt;span class=&quot;n&quot;&gt;author&lt;/span&gt; &lt;span class=&quot;n&quot;&gt;character&lt;/span&gt; &lt;span class=&quot;n&quot;&gt;varying&lt;/span&gt;&lt;span class=&quot;p&quot;&gt;(&lt;/span&gt;&lt;span class=&quot;mi&quot;&gt;20&lt;/span&gt;&lt;span class=&quot;p&quot;&gt;)&lt;/span&gt;
&lt;span class=&quot;p&quot;&gt;);&lt;/span&gt;

&lt;span class=&quot;k&quot;&gt;ALTER&lt;/span&gt; &lt;span class=&quot;k&quot;&gt;TABLE&lt;/span&gt; &lt;span class=&quot;n&quot;&gt;articles&lt;/span&gt;
&lt;span class=&quot;k&quot;&gt;ADD&lt;/span&gt; &lt;span class=&quot;k&quot;&gt;CONSTRAINT&lt;/span&gt; &lt;span class=&quot;n&quot;&gt;uq_article_release&lt;/span&gt; &lt;span class=&quot;k&quot;&gt;UNIQUE&lt;/span&gt; &lt;span class=&quot;p&quot;&gt;(&lt;/span&gt;&lt;span class=&quot;n&quot;&gt;file_name&lt;/span&gt;&lt;span class=&quot;p&quot;&gt;,&lt;/span&gt; &lt;span class=&quot;n&quot;&gt;release_date&lt;/span&gt;&lt;span class=&quot;p&quot;&gt;);&lt;/span&gt;
&lt;/code&gt;&lt;/pre&gt;&lt;/div&gt;&lt;/div&gt;

&lt;p&gt;Jadi berikut adalah contoh query yang error:&lt;/p&gt;

&lt;div class=&quot;language-sql highlighter-rouge&quot;&gt;&lt;div class=&quot;highlight&quot;&gt;&lt;pre class=&quot;highlight&quot;&gt;&lt;code&gt;&lt;span class=&quot;k&quot;&gt;insert&lt;/span&gt; &lt;span class=&quot;k&quot;&gt;into&lt;/span&gt; &lt;span class=&quot;n&quot;&gt;articles&lt;/span&gt; &lt;span class=&quot;p&quot;&gt;(&lt;/span&gt;&lt;span class=&quot;n&quot;&gt;file_name&lt;/span&gt;&lt;span class=&quot;p&quot;&gt;,&lt;/span&gt; &lt;span class=&quot;n&quot;&gt;release_date&lt;/span&gt;&lt;span class=&quot;p&quot;&gt;,&lt;/span&gt; &lt;span class=&quot;n&quot;&gt;author&lt;/span&gt;&lt;span class=&quot;p&quot;&gt;)&lt;/span&gt;
&lt;span class=&quot;k&quot;&gt;values&lt;/span&gt; &lt;span class=&quot;p&quot;&gt;(&lt;/span&gt;&lt;span class=&quot;s1&quot;&gt;'java-core-1'&lt;/span&gt;&lt;span class=&quot;p&quot;&gt;,&lt;/span&gt; &lt;span class=&quot;s1&quot;&gt;'2019-12-02'&lt;/span&gt;&lt;span class=&quot;p&quot;&gt;,&lt;/span&gt; &lt;span class=&quot;s1&quot;&gt;'Dimas Maryanto'&lt;/span&gt;&lt;span class=&quot;p&quot;&gt;);&lt;/span&gt;

&lt;span class=&quot;k&quot;&gt;insert&lt;/span&gt; &lt;span class=&quot;k&quot;&gt;into&lt;/span&gt; &lt;span class=&quot;n&quot;&gt;articles&lt;/span&gt; &lt;span class=&quot;p&quot;&gt;(&lt;/span&gt;&lt;span class=&quot;n&quot;&gt;file_name&lt;/span&gt;&lt;span class=&quot;p&quot;&gt;,&lt;/span&gt; &lt;span class=&quot;n&quot;&gt;release_date&lt;/span&gt;&lt;span class=&quot;p&quot;&gt;,&lt;/span&gt; &lt;span class=&quot;n&quot;&gt;author&lt;/span&gt;&lt;span class=&quot;p&quot;&gt;)&lt;/span&gt;
&lt;span class=&quot;k&quot;&gt;values&lt;/span&gt; &lt;span class=&quot;p&quot;&gt;(&lt;/span&gt;&lt;span class=&quot;s1&quot;&gt;'java-core-1'&lt;/span&gt;&lt;span class=&quot;p&quot;&gt;,&lt;/span&gt; &lt;span class=&quot;k&quot;&gt;null&lt;/span&gt;&lt;span class=&quot;p&quot;&gt;,&lt;/span&gt; &lt;span class=&quot;s1&quot;&gt;'Dimas Maryanto'&lt;/span&gt;&lt;span class=&quot;p&quot;&gt;);&lt;/span&gt;

&lt;span class=&quot;k&quot;&gt;insert&lt;/span&gt; &lt;span class=&quot;k&quot;&gt;into&lt;/span&gt; &lt;span class=&quot;n&quot;&gt;articles&lt;/span&gt; &lt;span class=&quot;p&quot;&gt;(&lt;/span&gt;&lt;span class=&quot;n&quot;&gt;file_name&lt;/span&gt;&lt;span class=&quot;p&quot;&gt;,&lt;/span&gt; &lt;span class=&quot;n&quot;&gt;release_date&lt;/span&gt;&lt;span class=&quot;p&quot;&gt;,&lt;/span&gt; &lt;span class=&quot;n&quot;&gt;author&lt;/span&gt;&lt;span class=&quot;p&quot;&gt;)&lt;/span&gt;
&lt;span class=&quot;k&quot;&gt;values&lt;/span&gt; &lt;span class=&quot;p&quot;&gt;(&lt;/span&gt;&lt;span class=&quot;k&quot;&gt;null&lt;/span&gt;&lt;span class=&quot;p&quot;&gt;,&lt;/span&gt; &lt;span class=&quot;s1&quot;&gt;'2019-12-02'&lt;/span&gt;&lt;span class=&quot;p&quot;&gt;,&lt;/span&gt; &lt;span class=&quot;s1&quot;&gt;'Dimas Maryanto'&lt;/span&gt;&lt;span class=&quot;p&quot;&gt;);&lt;/span&gt;

&lt;span class=&quot;c1&quot;&gt;-- query ini error karena file_name dan release data sama seperti data sebelumnya&lt;/span&gt;
&lt;span class=&quot;k&quot;&gt;insert&lt;/span&gt; &lt;span class=&quot;k&quot;&gt;into&lt;/span&gt; &lt;span class=&quot;n&quot;&gt;articles&lt;/span&gt; &lt;span class=&quot;p&quot;&gt;(&lt;/span&gt;&lt;span class=&quot;n&quot;&gt;file_name&lt;/span&gt;&lt;span class=&quot;p&quot;&gt;,&lt;/span&gt; &lt;span class=&quot;n&quot;&gt;release_date&lt;/span&gt;&lt;span class=&quot;p&quot;&gt;,&lt;/span&gt; &lt;span class=&quot;n&quot;&gt;author&lt;/span&gt;&lt;span class=&quot;p&quot;&gt;)&lt;/span&gt;
&lt;span class=&quot;k&quot;&gt;values&lt;/span&gt; &lt;span class=&quot;p&quot;&gt;(&lt;/span&gt;&lt;span class=&quot;s1&quot;&gt;'java-core-1'&lt;/span&gt;&lt;span class=&quot;p&quot;&gt;,&lt;/span&gt; &lt;span class=&quot;s1&quot;&gt;'2019-12-02'&lt;/span&gt;&lt;span class=&quot;p&quot;&gt;,&lt;/span&gt; &lt;span class=&quot;s1&quot;&gt;'Dimas Maryanto'&lt;/span&gt;&lt;span class=&quot;p&quot;&gt;);&lt;/span&gt;
&lt;/code&gt;&lt;/pre&gt;&lt;/div&gt;&lt;/div&gt;

&lt;h2 id=&quot;constraint-check&quot;&gt;Constraint Check&lt;/h2&gt;

&lt;p&gt;Constraint &lt;strong&gt;Check&lt;/strong&gt; dapat diterapkan pada kolom tertentu dalam sebuah table, dengan tujuan memvalidasi data yang kita entry harus sesuai dengan criteria yang diterapkan pada constraint tersebut contohnya pada kolom &lt;code class=&quot;highlighter-rouge&quot;&gt;price&lt;/code&gt; nilai minimal lebih besar dari &lt;code class=&quot;highlighter-rouge&quot;&gt;0&lt;/code&gt;. Contoh penggunaanya seperti berikut:&lt;/p&gt;

&lt;div class=&quot;language-sql highlighter-rouge&quot;&gt;&lt;div class=&quot;highlight&quot;&gt;&lt;pre class=&quot;highlight&quot;&gt;&lt;code&gt;&lt;span class=&quot;k&quot;&gt;CREATE&lt;/span&gt; &lt;span class=&quot;k&quot;&gt;TABLE&lt;/span&gt; &lt;span class=&quot;n&quot;&gt;products&lt;/span&gt; &lt;span class=&quot;p&quot;&gt;(&lt;/span&gt;
    &lt;span class=&quot;n&quot;&gt;product_no&lt;/span&gt; &lt;span class=&quot;n&quot;&gt;integer&lt;/span&gt; &lt;span class=&quot;k&quot;&gt;unique&lt;/span&gt;&lt;span class=&quot;p&quot;&gt;,&lt;/span&gt;
    &lt;span class=&quot;n&quot;&gt;name&lt;/span&gt; &lt;span class=&quot;n&quot;&gt;text&lt;/span&gt; &lt;span class=&quot;k&quot;&gt;NOT&lt;/span&gt; &lt;span class=&quot;k&quot;&gt;NULL&lt;/span&gt;&lt;span class=&quot;p&quot;&gt;,&lt;/span&gt;
    &lt;span class=&quot;n&quot;&gt;price&lt;/span&gt; &lt;span class=&quot;n&quot;&gt;numeric&lt;/span&gt;
&lt;span class=&quot;p&quot;&gt;);&lt;/span&gt;

&lt;span class=&quot;k&quot;&gt;ALTER&lt;/span&gt; &lt;span class=&quot;k&quot;&gt;TABLE&lt;/span&gt; &lt;span class=&quot;n&quot;&gt;products&lt;/span&gt;
&lt;span class=&quot;k&quot;&gt;ADD&lt;/span&gt; &lt;span class=&quot;k&quot;&gt;CONSTRAINT&lt;/span&gt; &lt;span class=&quot;n&quot;&gt;check_price_must_be_greater_then_1&lt;/span&gt; 
&lt;span class=&quot;k&quot;&gt;CHECK&lt;/span&gt; &lt;span class=&quot;p&quot;&gt;(&lt;/span&gt;&lt;span class=&quot;n&quot;&gt;price&lt;/span&gt; &lt;span class=&quot;o&quot;&gt;&amp;gt;=&lt;/span&gt; &lt;span class=&quot;mi&quot;&gt;1&lt;/span&gt;&lt;span class=&quot;p&quot;&gt;);&lt;/span&gt;
&lt;/code&gt;&lt;/pre&gt;&lt;/div&gt;&lt;/div&gt;

&lt;p&gt;Jadi dengan ddl untuk membuat table &lt;code class=&quot;highlighter-rouge&quot;&gt;products&lt;/code&gt; seperti diatas, maka kita tidak boleh entry data pada kolom &lt;code class=&quot;highlighter-rouge&quot;&gt;price&lt;/code&gt; dengan nilai lebih kecil dari &lt;code class=&quot;highlighter-rouge&quot;&gt;0&lt;/code&gt; atau harus lebih besar dari &lt;code class=&quot;highlighter-rouge&quot;&gt;1&lt;/code&gt;. Contoh dengan perintah entry yang salah seperti berikut:&lt;/p&gt;

&lt;div class=&quot;language-sql highlighter-rouge&quot;&gt;&lt;div class=&quot;highlight&quot;&gt;&lt;pre class=&quot;highlight&quot;&gt;&lt;code&gt;&lt;span class=&quot;k&quot;&gt;insert&lt;/span&gt; &lt;span class=&quot;k&quot;&gt;into&lt;/span&gt; &lt;span class=&quot;n&quot;&gt;products&lt;/span&gt; &lt;span class=&quot;p&quot;&gt;(&lt;/span&gt;&lt;span class=&quot;n&quot;&gt;product_no&lt;/span&gt;&lt;span class=&quot;p&quot;&gt;,&lt;/span&gt; &lt;span class=&quot;n&quot;&gt;name&lt;/span&gt;&lt;span class=&quot;p&quot;&gt;,&lt;/span&gt; &lt;span class=&quot;n&quot;&gt;price&lt;/span&gt;&lt;span class=&quot;p&quot;&gt;)&lt;/span&gt;
&lt;span class=&quot;k&quot;&gt;values&lt;/span&gt; &lt;span class=&quot;p&quot;&gt;(&lt;/span&gt;&lt;span class=&quot;mi&quot;&gt;1&lt;/span&gt;&lt;span class=&quot;p&quot;&gt;,&lt;/span&gt; &lt;span class=&quot;s1&quot;&gt;'Apple Ipad Pro 11&quot; 2018'&lt;/span&gt;&lt;span class=&quot;p&quot;&gt;,&lt;/span&gt; &lt;span class=&quot;o&quot;&gt;-&lt;/span&gt;&lt;span class=&quot;mi&quot;&gt;15000000&lt;/span&gt;&lt;span class=&quot;p&quot;&gt;);&lt;/span&gt;
&lt;/code&gt;&lt;/pre&gt;&lt;/div&gt;&lt;/div&gt;

&lt;p&gt;Bila di execute maka akan terjadi error: &lt;code class=&quot;highlighter-rouge&quot;&gt;error insert because check constraint&lt;/code&gt;.&lt;/p&gt;

&lt;h2 id=&quot;constraint-primary-key&quot;&gt;Constraint Primary Key&lt;/h2&gt;

&lt;p&gt;Constraint &lt;strong&gt;Primary Key&lt;/strong&gt; diterapkan pada sebuah kolom dalam table, dengan tujuan menjadikan data dalam satu baris tersebuh menjadi pegangan atau acuan karena sebuah primary key adalah gabungan dari constraint &lt;code class=&quot;highlighter-rouge&quot;&gt;not null&lt;/code&gt; dan &lt;code class=&quot;highlighter-rouge&quot;&gt;unique&lt;/code&gt;. Contoh penggunaanya seperti berikut:&lt;/p&gt;

&lt;div class=&quot;language-sql highlighter-rouge&quot;&gt;&lt;div class=&quot;highlight&quot;&gt;&lt;pre class=&quot;highlight&quot;&gt;&lt;code&gt;&lt;span class=&quot;k&quot;&gt;CREATE&lt;/span&gt; &lt;span class=&quot;k&quot;&gt;TABLE&lt;/span&gt; &lt;span class=&quot;n&quot;&gt;products&lt;/span&gt; &lt;span class=&quot;p&quot;&gt;(&lt;/span&gt;
    &lt;span class=&quot;n&quot;&gt;product_no&lt;/span&gt; &lt;span class=&quot;n&quot;&gt;integer&lt;/span&gt; &lt;span class=&quot;k&quot;&gt;primary&lt;/span&gt; &lt;span class=&quot;k&quot;&gt;key&lt;/span&gt;&lt;span class=&quot;p&quot;&gt;,&lt;/span&gt;
    &lt;span class=&quot;n&quot;&gt;name&lt;/span&gt; &lt;span class=&quot;n&quot;&gt;text&lt;/span&gt; &lt;span class=&quot;k&quot;&gt;NOT&lt;/span&gt; &lt;span class=&quot;k&quot;&gt;NULL&lt;/span&gt;&lt;span class=&quot;p&quot;&gt;,&lt;/span&gt;
    &lt;span class=&quot;n&quot;&gt;price&lt;/span&gt; &lt;span class=&quot;n&quot;&gt;numeric&lt;/span&gt;
&lt;span class=&quot;p&quot;&gt;);&lt;/span&gt;
&lt;/code&gt;&lt;/pre&gt;&lt;/div&gt;&lt;/div&gt;

&lt;p&gt;Setelah itu misalnya kita punya data seperti berikut:&lt;/p&gt;

&lt;table&gt;
  &lt;thead&gt;
    &lt;tr&gt;
      &lt;th&gt;product_no&lt;/th&gt;
      &lt;th&gt;name&lt;/th&gt;
      &lt;th&gt;price&lt;/th&gt;
    &lt;/tr&gt;
  &lt;/thead&gt;
  &lt;tbody&gt;
    &lt;tr&gt;
      &lt;td&gt;1&lt;/td&gt;
      &lt;td&gt;Apple Macbook Pro 13”&lt;/td&gt;
      &lt;td&gt;28_000_000&lt;/td&gt;
    &lt;/tr&gt;
    &lt;tr&gt;
      &lt;td&gt;2&lt;/td&gt;
      &lt;td&gt;Apple Ipad Pro 11”&lt;/td&gt;
      &lt;td&gt;15_000_000&lt;/td&gt;
    &lt;/tr&gt;
    &lt;tr&gt;
      &lt;td&gt;3&lt;/td&gt;
      &lt;td&gt;iPhone 7 Plus 36gb&lt;/td&gt;
      &lt;td&gt;8_999_000&lt;/td&gt;
    &lt;/tr&gt;
    &lt;tr&gt;
      &lt;td&gt;4&lt;/td&gt;
      &lt;td&gt;Apple Airpod 2&lt;/td&gt;
      &lt;td&gt;2_150_000&lt;/td&gt;
    &lt;/tr&gt;
    &lt;tr&gt;
      &lt;td&gt;5&lt;/td&gt;
      &lt;td&gt;Apple Pencil 2&lt;/td&gt;
      &lt;td&gt;2_500_000&lt;/td&gt;
    &lt;/tr&gt;
  &lt;/tbody&gt;
&lt;/table&gt;

&lt;p&gt;Nah dari data di atas, akan lebih mudah jika kita menggunakan kolom &lt;code class=&quot;highlighter-rouge&quot;&gt;product_no&lt;/code&gt; untuk mendapatkan informasi contohnya untuk menghapus data dengan nama &lt;code class=&quot;highlighter-rouge&quot;&gt;Apple Macbook Pro 13&quot;&lt;/code&gt; jadi querynya seperti berikut:&lt;/p&gt;

&lt;div class=&quot;language-sql highlighter-rouge&quot;&gt;&lt;div class=&quot;highlight&quot;&gt;&lt;pre class=&quot;highlight&quot;&gt;&lt;code&gt;&lt;span class=&quot;k&quot;&gt;delete&lt;/span&gt; &lt;span class=&quot;k&quot;&gt;from&lt;/span&gt; &lt;span class=&quot;n&quot;&gt;products&lt;/span&gt; &lt;span class=&quot;k&quot;&gt;where&lt;/span&gt; &lt;span class=&quot;n&quot;&gt;product_no&lt;/span&gt; &lt;span class=&quot;o&quot;&gt;=&lt;/span&gt; &lt;span class=&quot;mi&quot;&gt;1&lt;/span&gt;&lt;span class=&quot;p&quot;&gt;;&lt;/span&gt;
&lt;/code&gt;&lt;/pre&gt;&lt;/div&gt;&lt;/div&gt;

&lt;h2 id=&quot;constraint-foreign-keys&quot;&gt;Constraint Foreign Keys&lt;/h2&gt;

&lt;p&gt;Constraint &lt;strong&gt;Foreign keys&lt;/strong&gt; dapat diterapkan pada sebuah kolom dengan table, dengan tujuan memvalidasi apakan nilai yang di entry terdaftar pada column di table acuannya. Contoh penggunaanya seperti berikut:&lt;/p&gt;

&lt;div class=&quot;language-sql highlighter-rouge&quot;&gt;&lt;div class=&quot;highlight&quot;&gt;&lt;pre class=&quot;highlight&quot;&gt;&lt;code&gt;&lt;span class=&quot;k&quot;&gt;CREATE&lt;/span&gt; &lt;span class=&quot;k&quot;&gt;TABLE&lt;/span&gt; &lt;span class=&quot;n&quot;&gt;sellers&lt;/span&gt; &lt;span class=&quot;p&quot;&gt;(&lt;/span&gt;
    &lt;span class=&quot;n&quot;&gt;seller_id&lt;/span&gt; &lt;span class=&quot;n&quot;&gt;integer&lt;/span&gt; &lt;span class=&quot;k&quot;&gt;primary&lt;/span&gt; &lt;span class=&quot;k&quot;&gt;key&lt;/span&gt;&lt;span class=&quot;p&quot;&gt;,&lt;/span&gt;
    &lt;span class=&quot;n&quot;&gt;seller_name&lt;/span&gt; &lt;span class=&quot;n&quot;&gt;character&lt;/span&gt; &lt;span class=&quot;n&quot;&gt;varying&lt;/span&gt;&lt;span class=&quot;p&quot;&gt;(&lt;/span&gt;&lt;span class=&quot;mi&quot;&gt;60&lt;/span&gt;&lt;span class=&quot;p&quot;&gt;)&lt;/span&gt; &lt;span class=&quot;k&quot;&gt;not&lt;/span&gt; &lt;span class=&quot;k&quot;&gt;null&lt;/span&gt;&lt;span class=&quot;p&quot;&gt;,&lt;/span&gt;
    &lt;span class=&quot;n&quot;&gt;seller_address&lt;/span&gt; &lt;span class=&quot;n&quot;&gt;character&lt;/span&gt; &lt;span class=&quot;n&quot;&gt;varying&lt;/span&gt;&lt;span class=&quot;p&quot;&gt;(&lt;/span&gt;&lt;span class=&quot;mi&quot;&gt;255&lt;/span&gt;&lt;span class=&quot;p&quot;&gt;)&lt;/span&gt; 
&lt;span class=&quot;p&quot;&gt;)&lt;/span&gt;

&lt;span class=&quot;k&quot;&gt;CREATE&lt;/span&gt; &lt;span class=&quot;k&quot;&gt;TABLE&lt;/span&gt; &lt;span class=&quot;n&quot;&gt;products&lt;/span&gt; &lt;span class=&quot;p&quot;&gt;(&lt;/span&gt;
    &lt;span class=&quot;n&quot;&gt;product_id&lt;/span&gt; &lt;span class=&quot;n&quot;&gt;integer&lt;/span&gt; &lt;span class=&quot;k&quot;&gt;primary&lt;/span&gt; &lt;span class=&quot;k&quot;&gt;key&lt;/span&gt;&lt;span class=&quot;p&quot;&gt;,&lt;/span&gt;
    &lt;span class=&quot;n&quot;&gt;product_name&lt;/span&gt; &lt;span class=&quot;n&quot;&gt;text&lt;/span&gt; &lt;span class=&quot;k&quot;&gt;NOT&lt;/span&gt; &lt;span class=&quot;k&quot;&gt;NULL&lt;/span&gt;&lt;span class=&quot;p&quot;&gt;,&lt;/span&gt;
    &lt;span class=&quot;n&quot;&gt;product_price_sell&lt;/span&gt; &lt;span class=&quot;n&quot;&gt;numeric&lt;/span&gt; &lt;span class=&quot;k&quot;&gt;not&lt;/span&gt; &lt;span class=&quot;k&quot;&gt;null&lt;/span&gt; &lt;span class=&quot;k&quot;&gt;check&lt;/span&gt;&lt;span class=&quot;p&quot;&gt;(&lt;/span&gt;&lt;span class=&quot;n&quot;&gt;price&lt;/span&gt; &lt;span class=&quot;o&quot;&gt;&amp;gt;=&lt;/span&gt; &lt;span class=&quot;mi&quot;&gt;1&lt;/span&gt;&lt;span class=&quot;p&quot;&gt;)&lt;/span&gt;
    &lt;span class=&quot;n&quot;&gt;seller_id&lt;/span&gt; &lt;span class=&quot;n&quot;&gt;integer&lt;/span&gt; &lt;span class=&quot;k&quot;&gt;not&lt;/span&gt; &lt;span class=&quot;k&quot;&gt;null&lt;/span&gt;
&lt;span class=&quot;p&quot;&gt;);&lt;/span&gt;

&lt;span class=&quot;k&quot;&gt;ALTER&lt;/span&gt; &lt;span class=&quot;k&quot;&gt;TABLE&lt;/span&gt; &lt;span class=&quot;n&quot;&gt;products&lt;/span&gt;
&lt;span class=&quot;k&quot;&gt;ADD&lt;/span&gt; &lt;span class=&quot;k&quot;&gt;CONSTRAINT&lt;/span&gt; &lt;span class=&quot;n&quot;&gt;fk_seller_product&lt;/span&gt; &lt;span class=&quot;k&quot;&gt;FOREIGN&lt;/span&gt; &lt;span class=&quot;k&quot;&gt;KEY&lt;/span&gt; &lt;span class=&quot;p&quot;&gt;(&lt;/span&gt;&lt;span class=&quot;n&quot;&gt;seller_id&lt;/span&gt;&lt;span class=&quot;p&quot;&gt;)&lt;/span&gt;
&lt;span class=&quot;k&quot;&gt;REFERENCES&lt;/span&gt; &lt;span class=&quot;n&quot;&gt;sellers&lt;/span&gt;&lt;span class=&quot;p&quot;&gt;(&lt;/span&gt;&lt;span class=&quot;n&quot;&gt;seller_id&lt;/span&gt;&lt;span class=&quot;p&quot;&gt;)&lt;/span&gt; &lt;span class=&quot;k&quot;&gt;ON&lt;/span&gt; &lt;span class=&quot;k&quot;&gt;UPDATE&lt;/span&gt; &lt;span class=&quot;k&quot;&gt;CASCADE&lt;/span&gt; &lt;span class=&quot;k&quot;&gt;ON&lt;/span&gt; &lt;span class=&quot;k&quot;&gt;DELETE&lt;/span&gt; &lt;span class=&quot;k&quot;&gt;CASCADE&lt;/span&gt;&lt;span class=&quot;p&quot;&gt;;&lt;/span&gt;
&lt;/code&gt;&lt;/pre&gt;&lt;/div&gt;&lt;/div&gt;

&lt;p&gt;Nah jadi dari 2 table tersebut saling berrelasi dengan menggunakan foreign key &lt;code class=&quot;highlighter-rouge&quot;&gt;salles_id&lt;/code&gt; pada table &lt;code class=&quot;highlighter-rouge&quot;&gt;products&lt;/code&gt;. Misalnya saya punya data sebagai berikut:&lt;/p&gt;

&lt;table&gt;
  &lt;thead&gt;
    &lt;tr&gt;
      &lt;th&gt;Sales ID&lt;/th&gt;
      &lt;th&gt;Sales Name&lt;/th&gt;
      &lt;th&gt;Sales Address&lt;/th&gt;
    &lt;/tr&gt;
  &lt;/thead&gt;
  &lt;tbody&gt;
    &lt;tr&gt;
      &lt;td&gt;1&lt;/td&gt;
      &lt;td&gt;Dimas Maryanto&lt;/td&gt;
      &lt;td&gt;Bandung&lt;/td&gt;
    &lt;/tr&gt;
    &lt;tr&gt;
      &lt;td&gt;2&lt;/td&gt;
      &lt;td&gt;Muhamad Yusuf&lt;/td&gt;
      &lt;td&gt;Jakarta&lt;/td&gt;
    &lt;/tr&gt;
  &lt;/tbody&gt;
&lt;/table&gt;

&lt;p&gt;Jadi dengan data tersebut kita hanya dapat menyimpan data ke table &lt;code class=&quot;highlighter-rouge&quot;&gt;products&lt;/code&gt; dengan mengeset nilai &lt;code class=&quot;highlighter-rouge&quot;&gt;salles_id&lt;/code&gt; yang tersedia di table &lt;code class=&quot;highlighter-rouge&quot;&gt;sellers&lt;/code&gt;, jika kita menginput data diluar dari data yang tersedia maka akan terkena validasi constraint foreign key. Contohnya entry data yang salah seperti berikut:&lt;/p&gt;

&lt;div class=&quot;language-sql highlighter-rouge&quot;&gt;&lt;div class=&quot;highlight&quot;&gt;&lt;pre class=&quot;highlight&quot;&gt;&lt;code&gt;&lt;span class=&quot;c1&quot;&gt;-- error kena validasi&lt;/span&gt;
&lt;span class=&quot;k&quot;&gt;insert&lt;/span&gt; &lt;span class=&quot;k&quot;&gt;into&lt;/span&gt; &lt;span class=&quot;n&quot;&gt;products&lt;/span&gt; &lt;span class=&quot;p&quot;&gt;(&lt;/span&gt;&lt;span class=&quot;n&quot;&gt;product_no&lt;/span&gt;&lt;span class=&quot;p&quot;&gt;,&lt;/span&gt; &lt;span class=&quot;n&quot;&gt;name&lt;/span&gt;&lt;span class=&quot;p&quot;&gt;,&lt;/span&gt; &lt;span class=&quot;n&quot;&gt;price&lt;/span&gt;&lt;span class=&quot;p&quot;&gt;,&lt;/span&gt; &lt;span class=&quot;n&quot;&gt;salles_id&lt;/span&gt;&lt;span class=&quot;p&quot;&gt;)&lt;/span&gt;
&lt;span class=&quot;k&quot;&gt;values&lt;/span&gt; &lt;span class=&quot;p&quot;&gt;(&lt;/span&gt;&lt;span class=&quot;mi&quot;&gt;1&lt;/span&gt;&lt;span class=&quot;p&quot;&gt;,&lt;/span&gt; &lt;span class=&quot;s1&quot;&gt;'Apple Ipad Pro 11&quot; 2018'&lt;/span&gt;&lt;span class=&quot;p&quot;&gt;,&lt;/span&gt; &lt;span class=&quot;mi&quot;&gt;15000000&lt;/span&gt;&lt;span class=&quot;p&quot;&gt;,&lt;/span&gt; &lt;span class=&quot;mi&quot;&gt;3&lt;/span&gt;&lt;span class=&quot;p&quot;&gt;);&lt;/span&gt;
&lt;/code&gt;&lt;/pre&gt;&lt;/div&gt;&lt;/div&gt;</content><author><name>Dimas Maryanto</name></author><summary type="html">Sebuah Constraint digunakan untuk memvalidasi / mengontrol data yang dapat di simpan pada sebuah table / kolom. Constraint dibagi menjadi beberapa macam yaitu:</summary></entry><entry xml:lang="psql"><title type="html">DDL - Management Tabel di PostgreSQL</title><link href="http://localhost:4000/bootcamp/rdbms/postgresql/033-ddl-tables" rel="alternate" type="text/html" title="DDL - Management Tabel di PostgreSQL" /><published>2019-12-31T16:07:16+07:00</published><updated>2019-12-31T16:07:16+07:00</updated><id>http://localhost:4000/bootcamp/rdbms/postgresql/033-ddl-tables</id><content type="html" xml:base="http://localhost:4000/bootcamp/rdbms/postgresql/033-ddl-tables">&lt;p&gt;Data Definition Lanagement pada Table, pada dasarnya terbagi menjadi seperti berikut:&lt;/p&gt;

&lt;ol&gt;
  &lt;li&gt;CREATE&lt;/li&gt;
  &lt;li&gt;DROP&lt;/li&gt;
  &lt;li&gt;ALTER&lt;/li&gt;
&lt;/ol&gt;

&lt;p&gt;Tapi sebelum kita membahas tentang membuat table, saya juga mau bahas dulu tipe data di PostgreSQL. Tipe data pada kolom terdiri dari 4 kategori yaitu&lt;/p&gt;

&lt;table class=&quot;table bordered&quot;&gt;
  &lt;thead&gt;
    &lt;tr&gt;
      &lt;th&gt; &lt;/th&gt;
      &lt;th&gt;Data Type in PostgreSQL&lt;/th&gt;
      &lt;th&gt;Descriptions&lt;/th&gt;
    &lt;/tr&gt;
  &lt;/thead&gt;
  &lt;tbody&gt;
    &lt;tr&gt;
      &lt;td&gt;1.Char&lt;/td&gt;
      &lt;td&gt;- &lt;code class=&quot;highlighter-rouge&quot;&gt;char&lt;/code&gt;&lt;/td&gt;
      &lt;td&gt; &lt;/td&gt;
    &lt;/tr&gt;
    &lt;tr&gt;
      &lt;td&gt; &lt;/td&gt;
      &lt;td&gt;- &lt;code class=&quot;highlighter-rouge&quot;&gt;character varying(n)&lt;/code&gt;&lt;/td&gt;
      &lt;td&gt;karaketer yang ditentukan max length-nya yaitu &lt;code class=&quot;highlighter-rouge&quot;&gt;255&lt;/code&gt;&lt;/td&gt;
    &lt;/tr&gt;
    &lt;tr&gt;
      &lt;td&gt; &lt;/td&gt;
      &lt;td&gt;- &lt;code class=&quot;highlighter-rouge&quot;&gt;text&lt;/code&gt;&lt;/td&gt;
      &lt;td&gt; &lt;/td&gt;
    &lt;/tr&gt;
  &lt;/tbody&gt;
  &lt;tbody&gt;
    &lt;tr&gt;
      &lt;td&gt;2.Number&lt;/td&gt;
      &lt;td&gt;- &lt;code class=&quot;highlighter-rouge&quot;&gt;integer&lt;/code&gt;&lt;/td&gt;
      &lt;td&gt;range &lt;code class=&quot;highlighter-rouge&quot;&gt;-2_147_483_648 to +2_147_483_647&lt;/code&gt;&lt;/td&gt;
    &lt;/tr&gt;
    &lt;tr&gt;
      &lt;td&gt; &lt;/td&gt;
      &lt;td&gt;- &lt;code class=&quot;highlighter-rouge&quot;&gt;bigint&lt;/code&gt;&lt;/td&gt;
      &lt;td&gt;range &lt;code class=&quot;highlighter-rouge&quot;&gt;-9_223_372_036_854_775_808 to +9_223_372_036_854_775_807&lt;/code&gt;&lt;/td&gt;
    &lt;/tr&gt;
    &lt;tr&gt;
      &lt;td&gt; &lt;/td&gt;
      &lt;td&gt;- &lt;code class=&quot;highlighter-rouge&quot;&gt;decimal&lt;/code&gt;&lt;/td&gt;
      &lt;td&gt;dapat mengimpan nilai pecahan, termasuk jika nilainya berupa mata uang contohnya rupiah atau dolar.&lt;/td&gt;
    &lt;/tr&gt;
    &lt;tr&gt;
      &lt;td&gt; &lt;/td&gt;
      &lt;td&gt;- &lt;code class=&quot;highlighter-rouge&quot;&gt;numberic&lt;/code&gt;&lt;/td&gt;
      &lt;td&gt; &lt;/td&gt;
    &lt;/tr&gt;
    &lt;tr&gt;
      &lt;td&gt; &lt;/td&gt;
      &lt;td&gt;- &lt;code class=&quot;highlighter-rouge&quot;&gt;double precision&lt;/code&gt;&lt;/td&gt;
      &lt;td&gt;dapat menyimpan nilai pecahan&lt;/td&gt;
    &lt;/tr&gt;
    &lt;tr&gt;
      &lt;td&gt; &lt;/td&gt;
      &lt;td&gt;- &lt;code class=&quot;highlighter-rouge&quot;&gt;serial&lt;/code&gt;&lt;/td&gt;
      &lt;td&gt;autoincrementing integer &lt;code class=&quot;highlighter-rouge&quot;&gt;1 to 2_147_483_647&lt;/code&gt;&lt;/td&gt;
    &lt;/tr&gt;
    &lt;tr&gt;
      &lt;td&gt; &lt;/td&gt;
      &lt;td&gt;- &lt;code class=&quot;highlighter-rouge&quot;&gt;bigserial&lt;/code&gt;&lt;/td&gt;
      &lt;td&gt;large autoincrementing integer &lt;code class=&quot;highlighter-rouge&quot;&gt;1 to 9_223_372_036_854_775_807&lt;/code&gt;&lt;/td&gt;
    &lt;/tr&gt;
  &lt;/tbody&gt;
  &lt;tbody&gt;
    &lt;tr&gt;
      &lt;td&gt;3.Date &amp;amp; Time&lt;/td&gt;
      &lt;td&gt;- &lt;code class=&quot;highlighter-rouge&quot;&gt;date&lt;/code&gt;&lt;/td&gt;
      &lt;td&gt; &lt;/td&gt;
    &lt;/tr&gt;
    &lt;tr&gt;
      &lt;td&gt; &lt;/td&gt;
      &lt;td&gt;- &lt;code class=&quot;highlighter-rouge&quot;&gt;datetime&lt;/code&gt;&lt;/td&gt;
      &lt;td&gt; &lt;/td&gt;
    &lt;/tr&gt;
    &lt;tr&gt;
      &lt;td&gt; &lt;/td&gt;
      &lt;td&gt;- &lt;code class=&quot;highlighter-rouge&quot;&gt;timestamp&lt;/code&gt;&lt;/td&gt;
      &lt;td&gt; &lt;/td&gt;
    &lt;/tr&gt;
  &lt;/tbody&gt;
  &lt;tbody&gt;
    &lt;tr&gt;
      &lt;td&gt;5.Dan lain-lain&lt;/td&gt;
      &lt;td&gt;- &lt;code class=&quot;highlighter-rouge&quot;&gt;boolean&lt;/code&gt;&lt;/td&gt;
      &lt;td&gt;hanya bernilai &lt;code class=&quot;highlighter-rouge&quot;&gt;true&lt;/code&gt; atau &lt;code class=&quot;highlighter-rouge&quot;&gt;false&lt;/code&gt;&lt;/td&gt;
    &lt;/tr&gt;
    &lt;tr&gt;
      &lt;td&gt; &lt;/td&gt;
      &lt;td&gt;- &lt;a href=&quot;https://www.postgresql.org/docs/9.5/datatype.html&quot;&gt;Other Data Type in PostgreSQL&lt;/a&gt;&lt;/td&gt;
      &lt;td&gt; &lt;/td&gt;
    &lt;/tr&gt;
  &lt;/tbody&gt;
&lt;/table&gt;

&lt;p&gt;Ok, nah sekarang kita balik lagi ketopic utama yaitu Data Definition Language pada Table di PostgreSQL.&lt;/p&gt;

&lt;h2 id=&quot;create-table&quot;&gt;Create Table&lt;/h2&gt;

&lt;p&gt;Perintah DDL &lt;strong&gt;Create&lt;/strong&gt; pada Table di database Postgresql, initnya adalah untuk membuat table dalam Schema di Database. Berikut adalah contoh perintanya:&lt;/p&gt;

&lt;div class=&quot;language-sql highlighter-rouge&quot;&gt;&lt;div class=&quot;highlight&quot;&gt;&lt;pre class=&quot;highlight&quot;&gt;&lt;code&gt;&lt;span class=&quot;k&quot;&gt;CREATE&lt;/span&gt; &lt;span class=&quot;k&quot;&gt;TABLE&lt;/span&gt; &lt;span class=&quot;p&quot;&gt;[&lt;/span&gt;&lt;span class=&quot;n&quot;&gt;your_schema&lt;/span&gt;&lt;span class=&quot;p&quot;&gt;].&lt;/span&gt;&lt;span class=&quot;n&quot;&gt;your_table_name&lt;/span&gt; &lt;span class=&quot;p&quot;&gt;(&lt;/span&gt;
    &lt;span class=&quot;n&quot;&gt;first_column&lt;/span&gt; &lt;span class=&quot;o&quot;&gt;&amp;lt;&lt;/span&gt;&lt;span class=&quot;k&quot;&gt;data&lt;/span&gt;&lt;span class=&quot;o&quot;&gt;-&lt;/span&gt;&lt;span class=&quot;k&quot;&gt;type&lt;/span&gt;&lt;span class=&quot;o&quot;&gt;&amp;gt;&lt;/span&gt; &lt;span class=&quot;p&quot;&gt;[&lt;/span&gt;&lt;span class=&quot;k&quot;&gt;constraints&lt;/span&gt;&lt;span class=&quot;p&quot;&gt;...]&lt;/span&gt; &lt;span class=&quot;p&quot;&gt;[&lt;/span&gt;&lt;span class=&quot;k&quot;&gt;default&lt;/span&gt; &lt;span class=&quot;o&quot;&gt;&amp;lt;&lt;/span&gt;&lt;span class=&quot;n&quot;&gt;value&lt;/span&gt;&lt;span class=&quot;o&quot;&gt;&amp;gt;&lt;/span&gt;&lt;span class=&quot;p&quot;&gt;],&lt;/span&gt;
    &lt;span class=&quot;n&quot;&gt;second_column&lt;/span&gt; &lt;span class=&quot;o&quot;&gt;&amp;lt;&lt;/span&gt;&lt;span class=&quot;k&quot;&gt;data&lt;/span&gt;&lt;span class=&quot;o&quot;&gt;-&lt;/span&gt;&lt;span class=&quot;k&quot;&gt;type&lt;/span&gt;&lt;span class=&quot;o&quot;&gt;&amp;gt;&lt;/span&gt; &lt;span class=&quot;p&quot;&gt;[&lt;/span&gt;&lt;span class=&quot;k&quot;&gt;constraints&lt;/span&gt;&lt;span class=&quot;p&quot;&gt;...]&lt;/span&gt; &lt;span class=&quot;p&quot;&gt;[&lt;/span&gt;&lt;span class=&quot;k&quot;&gt;default&lt;/span&gt; &lt;span class=&quot;o&quot;&gt;&amp;lt;&lt;/span&gt;&lt;span class=&quot;n&quot;&gt;value&lt;/span&gt;&lt;span class=&quot;o&quot;&gt;&amp;gt;&lt;/span&gt;&lt;span class=&quot;p&quot;&gt;]&lt;/span&gt;
&lt;span class=&quot;p&quot;&gt;);&lt;/span&gt;
&lt;/code&gt;&lt;/pre&gt;&lt;/div&gt;&lt;/div&gt;

&lt;p&gt;Contoh penggunaanya:&lt;/p&gt;

&lt;div class=&quot;language-sql highlighter-rouge&quot;&gt;&lt;div class=&quot;highlight&quot;&gt;&lt;pre class=&quot;highlight&quot;&gt;&lt;code&gt;&lt;span class=&quot;k&quot;&gt;create&lt;/span&gt; &lt;span class=&quot;k&quot;&gt;table&lt;/span&gt; &lt;span class=&quot;n&quot;&gt;test_table&lt;/span&gt; &lt;span class=&quot;p&quot;&gt;(&lt;/span&gt;
    &lt;span class=&quot;n&quot;&gt;id&lt;/span&gt;                  &lt;span class=&quot;n&quot;&gt;serial&lt;/span&gt;                  &lt;span class=&quot;k&quot;&gt;primary&lt;/span&gt; &lt;span class=&quot;k&quot;&gt;key&lt;/span&gt;&lt;span class=&quot;p&quot;&gt;,&lt;/span&gt;
    &lt;span class=&quot;n&quot;&gt;first_name&lt;/span&gt;          &lt;span class=&quot;n&quot;&gt;character&lt;/span&gt; &lt;span class=&quot;n&quot;&gt;varying&lt;/span&gt;&lt;span class=&quot;p&quot;&gt;(&lt;/span&gt;&lt;span class=&quot;mi&quot;&gt;60&lt;/span&gt;&lt;span class=&quot;p&quot;&gt;)&lt;/span&gt;   &lt;span class=&quot;k&quot;&gt;not&lt;/span&gt; &lt;span class=&quot;k&quot;&gt;null&lt;/span&gt;&lt;span class=&quot;p&quot;&gt;,&lt;/span&gt;
    &lt;span class=&quot;n&quot;&gt;birtdate&lt;/span&gt;            &lt;span class=&quot;n&quot;&gt;date&lt;/span&gt;                    &lt;span class=&quot;k&quot;&gt;not&lt;/span&gt; &lt;span class=&quot;k&quot;&gt;null&lt;/span&gt;&lt;span class=&quot;p&quot;&gt;,&lt;/span&gt;
    &lt;span class=&quot;n&quot;&gt;is_active&lt;/span&gt;           &lt;span class=&quot;n&quot;&gt;boolean&lt;/span&gt;                             &lt;span class=&quot;k&quot;&gt;default&lt;/span&gt; &lt;span class=&quot;k&quot;&gt;false&lt;/span&gt;&lt;span class=&quot;p&quot;&gt;,&lt;/span&gt;
    &lt;span class=&quot;n&quot;&gt;balance&lt;/span&gt;             &lt;span class=&quot;n&quot;&gt;decimal&lt;/span&gt;                 &lt;span class=&quot;k&quot;&gt;not&lt;/span&gt; &lt;span class=&quot;k&quot;&gt;null&lt;/span&gt;    &lt;span class=&quot;k&quot;&gt;default&lt;/span&gt; &lt;span class=&quot;mi&quot;&gt;0&lt;/span&gt;&lt;span class=&quot;p&quot;&gt;,&lt;/span&gt;
    &lt;span class=&quot;n&quot;&gt;created_datetime&lt;/span&gt;    &lt;span class=&quot;n&quot;&gt;datetime&lt;/span&gt;                &lt;span class=&quot;k&quot;&gt;not&lt;/span&gt; &lt;span class=&quot;k&quot;&gt;null&lt;/span&gt;    &lt;span class=&quot;k&quot;&gt;default&lt;/span&gt; &lt;span class=&quot;n&quot;&gt;now&lt;/span&gt;&lt;span class=&quot;p&quot;&gt;()&lt;/span&gt;
&lt;span class=&quot;p&quot;&gt;);&lt;/span&gt;
&lt;/code&gt;&lt;/pre&gt;&lt;/div&gt;&lt;/div&gt;

&lt;h2 id=&quot;drop-table&quot;&gt;Drop Table&lt;/h2&gt;

&lt;p&gt;Perintah &lt;strong&gt;DROP&lt;/strong&gt; table, digunakan untuk menghapus table yang ada di dalam schema di Database tertentu. Berikut adalah perintahnya:&lt;/p&gt;

&lt;div class=&quot;language-sql highlighter-rouge&quot;&gt;&lt;div class=&quot;highlight&quot;&gt;&lt;pre class=&quot;highlight&quot;&gt;&lt;code&gt;&lt;span class=&quot;k&quot;&gt;DROP&lt;/span&gt; &lt;span class=&quot;k&quot;&gt;TABLE&lt;/span&gt; &lt;span class=&quot;p&quot;&gt;[&lt;/span&gt;&lt;span class=&quot;n&quot;&gt;IF&lt;/span&gt; &lt;span class=&quot;k&quot;&gt;EXISTS&lt;/span&gt;&lt;span class=&quot;p&quot;&gt;]&lt;/span&gt; &lt;span class=&quot;n&quot;&gt;your_table_name&lt;/span&gt; &lt;span class=&quot;p&quot;&gt;[&lt;/span&gt;&lt;span class=&quot;k&quot;&gt;CASCADE&lt;/span&gt; &lt;span class=&quot;o&quot;&gt;|&lt;/span&gt; &lt;span class=&quot;k&quot;&gt;RESTRICT&lt;/span&gt;&lt;span class=&quot;p&quot;&gt;];&lt;/span&gt;
&lt;/code&gt;&lt;/pre&gt;&lt;/div&gt;&lt;/div&gt;

&lt;h2 id=&quot;alter-table&quot;&gt;Alter Table&lt;/h2&gt;

&lt;p&gt;Perintah ALTER table, digunakan untuk memodifikasi strukur object pada table contohnya&lt;/p&gt;

&lt;ol&gt;
  &lt;li&gt;Menambahkan kolom
    &lt;div class=&quot;language-sql highlighter-rouge&quot;&gt;&lt;div class=&quot;highlight&quot;&gt;&lt;pre class=&quot;highlight&quot;&gt;&lt;code&gt;&lt;span class=&quot;k&quot;&gt;ALTER&lt;/span&gt; &lt;span class=&quot;k&quot;&gt;TABLE&lt;/span&gt; &lt;span class=&quot;o&quot;&gt;&amp;lt;&lt;/span&gt;&lt;span class=&quot;k&quot;&gt;table&lt;/span&gt;&lt;span class=&quot;o&quot;&gt;-&lt;/span&gt;&lt;span class=&quot;n&quot;&gt;name&lt;/span&gt;&lt;span class=&quot;o&quot;&gt;&amp;gt;&lt;/span&gt; &lt;span class=&quot;k&quot;&gt;ADD&lt;/span&gt; &lt;span class=&quot;k&quot;&gt;COLUMN&lt;/span&gt; &lt;span class=&quot;o&quot;&gt;&amp;lt;&lt;/span&gt;&lt;span class=&quot;k&quot;&gt;column&lt;/span&gt;&lt;span class=&quot;o&quot;&gt;-&lt;/span&gt;&lt;span class=&quot;n&quot;&gt;name&lt;/span&gt;&lt;span class=&quot;o&quot;&gt;&amp;gt;&lt;/span&gt; &lt;span class=&quot;o&quot;&gt;&amp;lt;&lt;/span&gt;&lt;span class=&quot;k&quot;&gt;data&lt;/span&gt;&lt;span class=&quot;o&quot;&gt;-&lt;/span&gt;&lt;span class=&quot;k&quot;&gt;type&lt;/span&gt;&lt;span class=&quot;o&quot;&gt;&amp;gt;&lt;/span&gt;
&lt;/code&gt;&lt;/pre&gt;&lt;/div&gt;    &lt;/div&gt;
  &lt;/li&gt;
  &lt;li&gt;Menghapus kolom
    &lt;div class=&quot;language-sql highlighter-rouge&quot;&gt;&lt;div class=&quot;highlight&quot;&gt;&lt;pre class=&quot;highlight&quot;&gt;&lt;code&gt;&lt;span class=&quot;k&quot;&gt;ALTER&lt;/span&gt; &lt;span class=&quot;k&quot;&gt;TABLE&lt;/span&gt; &lt;span class=&quot;o&quot;&gt;&amp;lt;&lt;/span&gt;&lt;span class=&quot;k&quot;&gt;table&lt;/span&gt;&lt;span class=&quot;o&quot;&gt;-&lt;/span&gt;&lt;span class=&quot;n&quot;&gt;name&lt;/span&gt;&lt;span class=&quot;o&quot;&gt;&amp;gt;&lt;/span&gt; &lt;span class=&quot;k&quot;&gt;DROP&lt;/span&gt; &lt;span class=&quot;k&quot;&gt;COLUMN&lt;/span&gt; &lt;span class=&quot;o&quot;&gt;&amp;lt;&lt;/span&gt;&lt;span class=&quot;k&quot;&gt;column&lt;/span&gt;&lt;span class=&quot;o&quot;&gt;-&lt;/span&gt;&lt;span class=&quot;n&quot;&gt;name&lt;/span&gt;&lt;span class=&quot;o&quot;&gt;&amp;gt;&lt;/span&gt;
&lt;/code&gt;&lt;/pre&gt;&lt;/div&gt;    &lt;/div&gt;
  &lt;/li&gt;
  &lt;li&gt;Menambahkan constraint
    &lt;div class=&quot;language-sql highlighter-rouge&quot;&gt;&lt;div class=&quot;highlight&quot;&gt;&lt;pre class=&quot;highlight&quot;&gt;&lt;code&gt;&lt;span class=&quot;k&quot;&gt;ALTER&lt;/span&gt; &lt;span class=&quot;k&quot;&gt;TABLE&lt;/span&gt; &lt;span class=&quot;o&quot;&gt;&amp;lt;&lt;/span&gt;&lt;span class=&quot;k&quot;&gt;table&lt;/span&gt;&lt;span class=&quot;o&quot;&gt;-&lt;/span&gt;&lt;span class=&quot;n&quot;&gt;name&lt;/span&gt;&lt;span class=&quot;o&quot;&gt;&amp;gt;&lt;/span&gt; &lt;span class=&quot;k&quot;&gt;ADD&lt;/span&gt; &lt;span class=&quot;o&quot;&gt;&amp;lt;&lt;/span&gt;&lt;span class=&quot;k&quot;&gt;constraint&lt;/span&gt;&lt;span class=&quot;o&quot;&gt;&amp;gt;&lt;/span&gt;
&lt;/code&gt;&lt;/pre&gt;&lt;/div&gt;    &lt;/div&gt;
  &lt;/li&gt;
  &lt;li&gt;Mengghapus constraint
    &lt;div class=&quot;language-sql highlighter-rouge&quot;&gt;&lt;div class=&quot;highlight&quot;&gt;&lt;pre class=&quot;highlight&quot;&gt;&lt;code&gt;&lt;span class=&quot;k&quot;&gt;ALTER&lt;/span&gt; &lt;span class=&quot;k&quot;&gt;TABLE&lt;/span&gt; &lt;span class=&quot;o&quot;&gt;&amp;lt;&lt;/span&gt;&lt;span class=&quot;k&quot;&gt;table&lt;/span&gt;&lt;span class=&quot;o&quot;&gt;-&lt;/span&gt;&lt;span class=&quot;n&quot;&gt;name&lt;/span&gt;&lt;span class=&quot;o&quot;&gt;&amp;gt;&lt;/span&gt; &lt;span class=&quot;k&quot;&gt;DROP&lt;/span&gt; &lt;span class=&quot;k&quot;&gt;CONSTRAINT&lt;/span&gt; &lt;span class=&quot;o&quot;&gt;&amp;lt;&lt;/span&gt;&lt;span class=&quot;k&quot;&gt;constraint&lt;/span&gt;&lt;span class=&quot;o&quot;&gt;-&lt;/span&gt;&lt;span class=&quot;n&quot;&gt;name&lt;/span&gt;&lt;span class=&quot;o&quot;&gt;&amp;gt;&lt;/span&gt;
&lt;/code&gt;&lt;/pre&gt;&lt;/div&gt;    &lt;/div&gt;
  &lt;/li&gt;
  &lt;li&gt;Merubah default value
    &lt;div class=&quot;language-sql highlighter-rouge&quot;&gt;&lt;div class=&quot;highlight&quot;&gt;&lt;pre class=&quot;highlight&quot;&gt;&lt;code&gt;&lt;span class=&quot;k&quot;&gt;ALTER&lt;/span&gt; &lt;span class=&quot;k&quot;&gt;TABLE&lt;/span&gt; &lt;span class=&quot;o&quot;&gt;&amp;lt;&lt;/span&gt;&lt;span class=&quot;k&quot;&gt;table&lt;/span&gt;&lt;span class=&quot;o&quot;&gt;-&lt;/span&gt;&lt;span class=&quot;n&quot;&gt;name&lt;/span&gt;&lt;span class=&quot;o&quot;&gt;&amp;gt;&lt;/span&gt; &lt;span class=&quot;k&quot;&gt;ALTER&lt;/span&gt; &lt;span class=&quot;k&quot;&gt;COLUMN&lt;/span&gt; &lt;span class=&quot;o&quot;&gt;&amp;lt;&lt;/span&gt;&lt;span class=&quot;k&quot;&gt;column&lt;/span&gt;&lt;span class=&quot;o&quot;&gt;-&lt;/span&gt;&lt;span class=&quot;n&quot;&gt;name&lt;/span&gt;&lt;span class=&quot;o&quot;&gt;&amp;gt;&lt;/span&gt; &lt;span class=&quot;k&quot;&gt;SET&lt;/span&gt; &lt;span class=&quot;k&quot;&gt;DEFAULT&lt;/span&gt; &lt;span class=&quot;o&quot;&gt;&amp;lt;&lt;/span&gt;&lt;span class=&quot;k&quot;&gt;new&lt;/span&gt;&lt;span class=&quot;o&quot;&gt;-&lt;/span&gt;&lt;span class=&quot;k&quot;&gt;default&lt;/span&gt;&lt;span class=&quot;o&quot;&gt;-&lt;/span&gt;&lt;span class=&quot;n&quot;&gt;value&lt;/span&gt;&lt;span class=&quot;o&quot;&gt;&amp;gt;&lt;/span&gt;&lt;span class=&quot;p&quot;&gt;;&lt;/span&gt;
&lt;/code&gt;&lt;/pre&gt;&lt;/div&gt;    &lt;/div&gt;
  &lt;/li&gt;
  &lt;li&gt;Merubah tipe data
    &lt;div class=&quot;language-sql highlighter-rouge&quot;&gt;&lt;div class=&quot;highlight&quot;&gt;&lt;pre class=&quot;highlight&quot;&gt;&lt;code&gt;&lt;span class=&quot;k&quot;&gt;ALTER&lt;/span&gt; &lt;span class=&quot;k&quot;&gt;TABLE&lt;/span&gt; &lt;span class=&quot;o&quot;&gt;&amp;lt;&lt;/span&gt;&lt;span class=&quot;k&quot;&gt;table&lt;/span&gt;&lt;span class=&quot;o&quot;&gt;-&lt;/span&gt;&lt;span class=&quot;n&quot;&gt;name&lt;/span&gt;&lt;span class=&quot;o&quot;&gt;&amp;gt;&lt;/span&gt; &lt;span class=&quot;k&quot;&gt;ALTER&lt;/span&gt; &lt;span class=&quot;k&quot;&gt;COLUMN&lt;/span&gt; &lt;span class=&quot;o&quot;&gt;&amp;lt;&lt;/span&gt;&lt;span class=&quot;k&quot;&gt;column&lt;/span&gt;&lt;span class=&quot;o&quot;&gt;-&lt;/span&gt;&lt;span class=&quot;n&quot;&gt;name&lt;/span&gt;&lt;span class=&quot;o&quot;&gt;&amp;gt;&lt;/span&gt; &lt;span class=&quot;k&quot;&gt;TYPE&lt;/span&gt; &lt;span class=&quot;o&quot;&gt;&amp;lt;&lt;/span&gt;&lt;span class=&quot;k&quot;&gt;data&lt;/span&gt;&lt;span class=&quot;o&quot;&gt;-&lt;/span&gt;&lt;span class=&quot;k&quot;&gt;type&lt;/span&gt;&lt;span class=&quot;o&quot;&gt;&amp;gt;&lt;/span&gt;&lt;span class=&quot;p&quot;&gt;;&lt;/span&gt;
&lt;/code&gt;&lt;/pre&gt;&lt;/div&gt;    &lt;/div&gt;
  &lt;/li&gt;
  &lt;li&gt;Mengubah nama kolom
    &lt;div class=&quot;language-sql highlighter-rouge&quot;&gt;&lt;div class=&quot;highlight&quot;&gt;&lt;pre class=&quot;highlight&quot;&gt;&lt;code&gt;&lt;span class=&quot;k&quot;&gt;ALTER&lt;/span&gt; &lt;span class=&quot;k&quot;&gt;TABLE&lt;/span&gt; &lt;span class=&quot;o&quot;&gt;&amp;lt;&lt;/span&gt;&lt;span class=&quot;k&quot;&gt;table&lt;/span&gt;&lt;span class=&quot;o&quot;&gt;-&lt;/span&gt;&lt;span class=&quot;n&quot;&gt;name&lt;/span&gt;&lt;span class=&quot;o&quot;&gt;&amp;gt;&lt;/span&gt; &lt;span class=&quot;k&quot;&gt;RENAME&lt;/span&gt; &lt;span class=&quot;k&quot;&gt;COLUMN&lt;/span&gt; &lt;span class=&quot;o&quot;&gt;&amp;lt;&lt;/span&gt;&lt;span class=&quot;k&quot;&gt;old&lt;/span&gt;&lt;span class=&quot;o&quot;&gt;-&lt;/span&gt;&lt;span class=&quot;k&quot;&gt;column&lt;/span&gt;&lt;span class=&quot;o&quot;&gt;-&lt;/span&gt;&lt;span class=&quot;n&quot;&gt;name&lt;/span&gt;&lt;span class=&quot;o&quot;&gt;&amp;gt;&lt;/span&gt; &lt;span class=&quot;k&quot;&gt;TO&lt;/span&gt; &lt;span class=&quot;o&quot;&gt;&amp;lt;&lt;/span&gt;&lt;span class=&quot;k&quot;&gt;new&lt;/span&gt;&lt;span class=&quot;o&quot;&gt;-&lt;/span&gt;&lt;span class=&quot;k&quot;&gt;column&lt;/span&gt;&lt;span class=&quot;o&quot;&gt;-&lt;/span&gt;&lt;span class=&quot;n&quot;&gt;name&lt;/span&gt;&lt;span class=&quot;o&quot;&gt;&amp;gt;&lt;/span&gt;&lt;span class=&quot;p&quot;&gt;;&lt;/span&gt;
&lt;/code&gt;&lt;/pre&gt;&lt;/div&gt;    &lt;/div&gt;
  &lt;/li&gt;
  &lt;li&gt;Merubah nana tabel
    &lt;div class=&quot;language-sql highlighter-rouge&quot;&gt;&lt;div class=&quot;highlight&quot;&gt;&lt;pre class=&quot;highlight&quot;&gt;&lt;code&gt;&lt;span class=&quot;k&quot;&gt;ALTER&lt;/span&gt; &lt;span class=&quot;k&quot;&gt;TABLE&lt;/span&gt; &lt;span class=&quot;o&quot;&gt;&amp;lt;&lt;/span&gt;&lt;span class=&quot;k&quot;&gt;old&lt;/span&gt;&lt;span class=&quot;o&quot;&gt;-&lt;/span&gt;&lt;span class=&quot;k&quot;&gt;table&lt;/span&gt;&lt;span class=&quot;o&quot;&gt;-&lt;/span&gt;&lt;span class=&quot;n&quot;&gt;name&lt;/span&gt;&lt;span class=&quot;o&quot;&gt;&amp;gt;&lt;/span&gt; &lt;span class=&quot;k&quot;&gt;RENAME&lt;/span&gt; &lt;span class=&quot;k&quot;&gt;TO&lt;/span&gt; &lt;span class=&quot;o&quot;&gt;&amp;lt;&lt;/span&gt;&lt;span class=&quot;k&quot;&gt;new&lt;/span&gt;&lt;span class=&quot;o&quot;&gt;-&lt;/span&gt;&lt;span class=&quot;k&quot;&gt;table&lt;/span&gt;&lt;span class=&quot;o&quot;&gt;-&lt;/span&gt;&lt;span class=&quot;n&quot;&gt;name&lt;/span&gt;&lt;span class=&quot;o&quot;&gt;&amp;gt;&lt;/span&gt;&lt;span class=&quot;p&quot;&gt;;&lt;/span&gt;
&lt;/code&gt;&lt;/pre&gt;&lt;/div&gt;    &lt;/div&gt;
  &lt;/li&gt;
&lt;/ol&gt;</content><author><name>Dimas Maryanto</name></author><summary type="html">Data Definition Lanagement pada Table, pada dasarnya terbagi menjadi seperti berikut:</summary></entry><entry xml:lang="psql"><title type="html">DDL - Management schema di PostgreSQL</title><link href="http://localhost:4000/bootcamp/rdbms/postgresql/032-ddl-schema" rel="alternate" type="text/html" title="DDL - Management schema di PostgreSQL" /><published>2019-12-31T14:16:53+07:00</published><updated>2019-12-31T14:16:53+07:00</updated><id>http://localhost:4000/bootcamp/rdbms/postgresql/032-ddl-schema</id><content type="html" xml:base="http://localhost:4000/bootcamp/rdbms/postgresql/032-ddl-schema">&lt;p&gt;Schema pada Database PostgreSQL terdiri dari beberapa object yang diurutkan berdasarkan level seperti berikut:&lt;/p&gt;

&lt;ol&gt;
  &lt;li&gt;Database&lt;/li&gt;
  &lt;li&gt;Schema&lt;/li&gt;
  &lt;li&gt;Tables, Sequences, Funcations dan lain-lain.&lt;/li&gt;
&lt;/ol&gt;

&lt;p&gt;Jika saya gambarkan maka seperti berikut ilustrasinya:&lt;/p&gt;

&lt;p&gt;&lt;img src=&quot;/bootcamp/resources/posts/psql-schema/postgresql-schema.png&quot; alt=&quot;database schema&quot; /&gt;&lt;/p&gt;

&lt;p&gt;Jadi di postgresql itu, ketika kita membuat &lt;strong&gt;Database&lt;/strong&gt; dan secara otomatis kita akan memiliki schema &lt;code class=&quot;highlighter-rouge&quot;&gt;public&lt;/code&gt;, penggunaan schema biasanya untuk memisahkan object berdasarkan tujuan tertentu misalnya kita punya schema users yang isinya tentang user management, kemudian misalnya kita punya schema product disuatu bank misalnya isinya table tabungan, kredit, deposito dan lain-lain.&lt;/p&gt;

&lt;p&gt;Selain itu juga fungsinya schema pada database ibaratnya sebagai folder di sistem operasi yang isinya sangat terorganisasi yang berdapak pencarian object akan memudahkan kita sebagai developer untuk mencari object yang kita cari.&lt;/p&gt;

&lt;h2 id=&quot;ddl-untuk-database&quot;&gt;DDL untuk Database&lt;/h2&gt;

&lt;p&gt;Perintah DDL untuk management Database pada dasarnya hanya terbagi menjadi 2 yaitu&lt;/p&gt;

&lt;ol&gt;
  &lt;li&gt;CREATE&lt;/li&gt;
  &lt;li&gt;DROP&lt;/li&gt;
&lt;/ol&gt;

&lt;h3 id=&quot;create-database&quot;&gt;Create Database&lt;/h3&gt;

&lt;p&gt;Perintah &lt;strong&gt;CREATE&lt;/strong&gt; pada database, digunakan untuk membuat database baru dengan perintah seperti berikut:&lt;/p&gt;

&lt;div class=&quot;language-sql highlighter-rouge&quot;&gt;&lt;div class=&quot;highlight&quot;&gt;&lt;pre class=&quot;highlight&quot;&gt;&lt;code&gt;&lt;span class=&quot;k&quot;&gt;CREATE&lt;/span&gt; &lt;span class=&quot;k&quot;&gt;DATABASE&lt;/span&gt; &lt;span class=&quot;n&quot;&gt;your_database_name&lt;/span&gt; &lt;span class=&quot;k&quot;&gt;WITH&lt;/span&gt; &lt;span class=&quot;k&quot;&gt;OWNER&lt;/span&gt; &lt;span class=&quot;n&quot;&gt;your_user&lt;/span&gt;&lt;span class=&quot;p&quot;&gt;;&lt;/span&gt;
&lt;/code&gt;&lt;/pre&gt;&lt;/div&gt;&lt;/div&gt;

&lt;h3 id=&quot;drop-database&quot;&gt;Drop Database&lt;/h3&gt;

&lt;p&gt;Perintah &lt;strong&gt;DROP&lt;/strong&gt; pada database, digunakan untuk menghapus database yang ada dengan perintah seperti berikut:&lt;/p&gt;

&lt;div class=&quot;language-sql highlighter-rouge&quot;&gt;&lt;div class=&quot;highlight&quot;&gt;&lt;pre class=&quot;highlight&quot;&gt;&lt;code&gt;&lt;span class=&quot;k&quot;&gt;DROP&lt;/span&gt; &lt;span class=&quot;k&quot;&gt;DATABASE&lt;/span&gt; &lt;span class=&quot;n&quot;&gt;your_database_name&lt;/span&gt;&lt;span class=&quot;p&quot;&gt;;&lt;/span&gt;
&lt;/code&gt;&lt;/pre&gt;&lt;/div&gt;&lt;/div&gt;

&lt;h2 id=&quot;ddl-untuk-schema&quot;&gt;DDL untuk Schema&lt;/h2&gt;

&lt;p&gt;Perintah ddl untuk management Schema dalam database pada dasarnya hanya terbagi menjadi 2 yaitu&lt;/p&gt;

&lt;ol&gt;
  &lt;li&gt;CREATE&lt;/li&gt;
  &lt;li&gt;DROP&lt;/li&gt;
&lt;/ol&gt;

&lt;h3 id=&quot;create-schema&quot;&gt;Create Schema&lt;/h3&gt;

&lt;p&gt;Perintah &lt;strong&gt;CREATE&lt;/strong&gt; pada schema, digunakan untuk membuat schema baru dalam database dengan perintah seperti berikut:&lt;/p&gt;

&lt;div class=&quot;language-sql highlighter-rouge&quot;&gt;&lt;div class=&quot;highlight&quot;&gt;&lt;pre class=&quot;highlight&quot;&gt;&lt;code&gt;&lt;span class=&quot;k&quot;&gt;CREATE&lt;/span&gt; &lt;span class=&quot;n&quot;&gt;SCEHAMA&lt;/span&gt; &lt;span class=&quot;n&quot;&gt;your_schema&lt;/span&gt;&lt;span class=&quot;p&quot;&gt;;&lt;/span&gt;
&lt;/code&gt;&lt;/pre&gt;&lt;/div&gt;&lt;/div&gt;

&lt;h3 id=&quot;drop-schema&quot;&gt;Drop Schema&lt;/h3&gt;

&lt;p&gt;Perintah DROP pada schema, digunakan untuk menghapus schema dalam database dengan perintah seperti berikut:&lt;/p&gt;

&lt;div class=&quot;language-sql highlighter-rouge&quot;&gt;&lt;div class=&quot;highlight&quot;&gt;&lt;pre class=&quot;highlight&quot;&gt;&lt;code&gt;&lt;span class=&quot;k&quot;&gt;DROP&lt;/span&gt; &lt;span class=&quot;n&quot;&gt;SCHEME&lt;/span&gt; &lt;span class=&quot;n&quot;&gt;IF&lt;/span&gt; &lt;span class=&quot;k&quot;&gt;EXISTS&lt;/span&gt; &lt;span class=&quot;n&quot;&gt;your_schema&lt;/span&gt;&lt;span class=&quot;p&quot;&gt;;&lt;/span&gt;
&lt;/code&gt;&lt;/pre&gt;&lt;/div&gt;&lt;/div&gt;</content><author><name>Dimas Maryanto</name></author><summary type="html">Schema pada Database PostgreSQL terdiri dari beberapa object yang diurutkan berdasarkan level seperti berikut:</summary></entry><entry xml:lang="psql"><title type="html">DDL - Membuat User pada Database PostgreSQL</title><link href="http://localhost:4000/bootcamp/rdbms/postgresql/031-ddl-users" rel="alternate" type="text/html" title="DDL - Membuat User pada Database PostgreSQL" /><published>2019-12-30T17:26:24+07:00</published><updated>2019-12-30T17:26:24+07:00</updated><id>http://localhost:4000/bootcamp/rdbms/postgresql/031-ddl-users</id><content type="html" xml:base="http://localhost:4000/bootcamp/rdbms/postgresql/031-ddl-users">&lt;p&gt;Perintah ddl untuk management user authentication di PostgreSQL terdiri dari:&lt;/p&gt;

&lt;ol&gt;
  &lt;li&gt;&lt;strong&gt;CREATE&lt;/strong&gt;, untuk membuat Authentication user agar dapat mengkases Object yang terdapat di PostgreSQL.&lt;/li&gt;
  &lt;li&gt;&lt;strong&gt;DROP&lt;/strong&gt;, untuk menghapus Authentication User&lt;/li&gt;
  &lt;li&gt;&lt;strong&gt;ALTER&lt;/strong&gt;, untuk merubah role, password, dan lain-lain yang berkaitan tentang role user tersebut.&lt;/li&gt;
  &lt;li&gt;&lt;strong&gt;GRANT&lt;/strong&gt;, untuk memberikan ijin akses terhadap object di database, contohnya klo kita punya table dalam sebuah database tetapi usernya kita gunakan tidak bisa melihat tabelnya maka kita harus meminta ijin kepada pemilik table tersebut untuk grant user kita supaya bisa baca atau tulis ke table tersebut.&lt;/li&gt;
  &lt;li&gt;&lt;strong&gt;REVOKE&lt;/strong&gt;, untuk mencabut ijik akses terhadap object di dalam user tersebut;&lt;/li&gt;
&lt;/ol&gt;

&lt;p&gt;Contoh penggunaan:&lt;/p&gt;

&lt;h2 id=&quot;create&quot;&gt;Create&lt;/h2&gt;

&lt;p&gt;Perintah &lt;code class=&quot;highlighter-rouge&quot;&gt;create&lt;/code&gt; digunakan Untuk membuat user yang digunakan untuk login dari Database client editor seperti &lt;code class=&quot;highlighter-rouge&quot;&gt;psql&lt;/code&gt;, &lt;code class=&quot;highlighter-rouge&quot;&gt;DataGrip&lt;/code&gt;, &lt;code class=&quot;highlighter-rouge&quot;&gt;PgAdmin&lt;/code&gt;, dan lain-lain. Kita bisa menggunakan perintah:&lt;/p&gt;

&lt;div class=&quot;language-sql highlighter-rouge&quot;&gt;&lt;div class=&quot;highlight&quot;&gt;&lt;pre class=&quot;highlight&quot;&gt;&lt;code&gt;&lt;span class=&quot;k&quot;&gt;CREATE&lt;/span&gt; &lt;span class=&quot;k&quot;&gt;USER&lt;/span&gt; &lt;span class=&quot;n&quot;&gt;role_name&lt;/span&gt; &lt;span class=&quot;k&quot;&gt;WITH&lt;/span&gt; &lt;span class=&quot;n&quot;&gt;LOGIN&lt;/span&gt; &lt;span class=&quot;n&quot;&gt;PASSWORD&lt;/span&gt; &lt;span class=&quot;s1&quot;&gt;'your-password'&lt;/span&gt; &lt;span class=&quot;k&quot;&gt;CREATEDB&lt;/span&gt;&lt;span class=&quot;p&quot;&gt;;&lt;/span&gt;
&lt;/code&gt;&lt;/pre&gt;&lt;/div&gt;&lt;/div&gt;

&lt;p&gt;Dengan perintah tersebut kita membuat user dengan nama &lt;code class=&quot;highlighter-rouge&quot;&gt;role_name&lt;/code&gt; dan passwordnya &lt;code class=&quot;highlighter-rouge&quot;&gt;your-password&lt;/code&gt; hanya dapat login dan membuat database saja.&lt;/p&gt;

&lt;h2 id=&quot;drop&quot;&gt;DROP&lt;/h2&gt;

&lt;p&gt;Perintah &lt;code class=&quot;highlighter-rouge&quot;&gt;drop&lt;/code&gt; digunakan untuk menghapus data user, kita bisa menggunakan perintah:&lt;/p&gt;

&lt;div class=&quot;language-sql highlighter-rouge&quot;&gt;&lt;div class=&quot;highlight&quot;&gt;&lt;pre class=&quot;highlight&quot;&gt;&lt;code&gt;&lt;span class=&quot;k&quot;&gt;DROP&lt;/span&gt; &lt;span class=&quot;k&quot;&gt;USER&lt;/span&gt; &lt;span class=&quot;n&quot;&gt;role_name&lt;/span&gt;
&lt;/code&gt;&lt;/pre&gt;&lt;/div&gt;&lt;/div&gt;

&lt;p&gt;dengan perintah tersebut kita menghapus user dengan username &lt;code class=&quot;highlighter-rouge&quot;&gt;role_name&lt;/code&gt;.&lt;/p&gt;

&lt;h2 id=&quot;alter&quot;&gt;ALTER&lt;/h2&gt;

&lt;p&gt;Perintah &lt;code class=&quot;highlighter-rouge&quot;&gt;alter&lt;/code&gt; digunakan untuk merubah role dari user tersebut contohnya merubah password&lt;/p&gt;

&lt;div class=&quot;language-sql highlighter-rouge&quot;&gt;&lt;div class=&quot;highlight&quot;&gt;&lt;pre class=&quot;highlight&quot;&gt;&lt;code&gt;&lt;span class=&quot;k&quot;&gt;ALTER&lt;/span&gt; &lt;span class=&quot;k&quot;&gt;USER&lt;/span&gt; &lt;span class=&quot;n&quot;&gt;role_name&lt;/span&gt; &lt;span class=&quot;n&quot;&gt;identified&lt;/span&gt; &lt;span class=&quot;k&quot;&gt;by&lt;/span&gt; &lt;span class=&quot;s1&quot;&gt;'your-new-password`
&lt;/span&gt;&lt;/code&gt;&lt;/pre&gt;&lt;/div&gt;&lt;/div&gt;

&lt;h2 id=&quot;grant&quot;&gt;GRANT&lt;/h2&gt;

&lt;p&gt;Perintah &lt;code class=&quot;highlighter-rouge&quot;&gt;grant&lt;/code&gt; digunakan untuk memberikan ijin user tersebut mengkases database/table yang dimiliki oleh orang lain. Contohnya seperti berikut:&lt;/p&gt;

&lt;pre&gt;&lt;code class=&quot;language-postgresql-console&quot;&gt;# login using user 'postgres' database 'bootcamp'
psql -h localhost -U postgres bootcamp

psql (12.1)
Type &quot;help&quot; for help.

# create user 
bootcamp=# create user role_name with login password 'admin';
CREATE ROLE

# show tables using user 'postgres'
bootcamp=# \d
                       List of relations
  Schema  |             Name              |   Type   |  Owner   
----------+-------------------------------+----------+----------
 bootcamp | countries                     | table    | postgres
 bootcamp | departments                   | table    | postgres
 bootcamp | departments_department_id_seq | sequence | postgres
 bootcamp | employees                     | table    | postgres
 bootcamp | employees_employee_id_seq     | sequence | postgres
 bootcamp | flyway_schema_history         | table    | postgres
 bootcamp | job_history                   | table    | postgres
 bootcamp | jobs                          | table    | postgres
 bootcamp | locations                     | table    | postgres
 bootcamp | locations_location_id_seq     | sequence | postgres
 bootcamp | regions                       | table    | postgres
 bootcamp | regions_region_id_seq         | sequence | postgres
(12 rows)

# logout
bootcamp=# \q

# login using new user 'role_name' use database 'bootcamp'
➜  ~ psql -h localhost -U role_name bootcamp
Password for user role_name: 
psql (12.1)
Type &quot;help&quot; for help.

# show tables using user 'role_name' in database 'bootcamp'
bootcamp=&amp;gt; \dt bootcamp.*
                  List of relations
  Schema  |         Name          | Type  |  Owner   
----------+-----------------------+-------+----------
 bootcamp | countries             | table | bootcamp
 bootcamp | departments           | table | bootcamp
 bootcamp | employees             | table | bootcamp
 bootcamp | flyway_schema_history | table | bootcamp
 bootcamp | job_history           | table | bootcamp
 bootcamp | jobs                  | table | bootcamp
 bootcamp | locations             | table | bootcamp
 bootcamp | regions               | table | bootcamp
(8 rows)

bootcamp=&amp;gt; select * from bootcamp.employees;
ERROR:  permission denied for schema bootcamp
LINE 1: select * from bootcamp.employees;
&lt;/code&gt;&lt;/pre&gt;

&lt;p&gt;Untuk mengijikan melihat, menulis, dan update data ke semua table yang ada di database &lt;code class=&quot;highlighter-rouge&quot;&gt;bootcamp&lt;/code&gt; kita berikan ijin menggunakan user superuser yaitu &lt;code class=&quot;highlighter-rouge&quot;&gt;postgres&lt;/code&gt; seperti berikut perintahnya:&lt;/p&gt;

&lt;div class=&quot;language-sql highlighter-rouge&quot;&gt;&lt;div class=&quot;highlight&quot;&gt;&lt;pre class=&quot;highlight&quot;&gt;&lt;code&gt;&lt;span class=&quot;c1&quot;&gt;-- ijikan untuk akses database ke user&lt;/span&gt;
&lt;span class=&quot;k&quot;&gt;grant&lt;/span&gt; &lt;span class=&quot;k&quot;&gt;connect&lt;/span&gt; &lt;span class=&quot;k&quot;&gt;on&lt;/span&gt; &lt;span class=&quot;k&quot;&gt;database&lt;/span&gt; &lt;span class=&quot;n&quot;&gt;bootcamp&lt;/span&gt; &lt;span class=&quot;k&quot;&gt;to&lt;/span&gt; &lt;span class=&quot;n&quot;&gt;role_name&lt;/span&gt;&lt;span class=&quot;p&quot;&gt;;&lt;/span&gt;

&lt;span class=&quot;c1&quot;&gt;-- ijinkan untuk akses schema ke user&lt;/span&gt;
&lt;span class=&quot;k&quot;&gt;grant&lt;/span&gt; &lt;span class=&quot;k&quot;&gt;usage&lt;/span&gt; &lt;span class=&quot;k&quot;&gt;on&lt;/span&gt; &lt;span class=&quot;k&quot;&gt;schema&lt;/span&gt; &lt;span class=&quot;n&quot;&gt;bootcamp&lt;/span&gt; &lt;span class=&quot;k&quot;&gt;to&lt;/span&gt; &lt;span class=&quot;n&quot;&gt;role_name&lt;/span&gt;&lt;span class=&quot;p&quot;&gt;;&lt;/span&gt;

&lt;span class=&quot;c1&quot;&gt;-- ijinkan select, insert, update, delete, REFERENCES semua table ke user&lt;/span&gt;
&lt;span class=&quot;k&quot;&gt;grant&lt;/span&gt; &lt;span class=&quot;k&quot;&gt;all&lt;/span&gt; &lt;span class=&quot;k&quot;&gt;privileges&lt;/span&gt; &lt;span class=&quot;k&quot;&gt;on&lt;/span&gt; &lt;span class=&quot;k&quot;&gt;all&lt;/span&gt; &lt;span class=&quot;n&quot;&gt;tables&lt;/span&gt; &lt;span class=&quot;k&quot;&gt;in&lt;/span&gt; &lt;span class=&quot;k&quot;&gt;schema&lt;/span&gt; &lt;span class=&quot;n&quot;&gt;bootcamp&lt;/span&gt; &lt;span class=&quot;k&quot;&gt;to&lt;/span&gt; &lt;span class=&quot;n&quot;&gt;role_name&lt;/span&gt;&lt;span class=&quot;p&quot;&gt;;&lt;/span&gt;

&lt;span class=&quot;c1&quot;&gt;-- ijiknan USAGE | SELECT | UPDATE  semua sequence ke user&lt;/span&gt;
&lt;span class=&quot;k&quot;&gt;grant&lt;/span&gt; &lt;span class=&quot;k&quot;&gt;all&lt;/span&gt; &lt;span class=&quot;k&quot;&gt;privileges&lt;/span&gt; &lt;span class=&quot;k&quot;&gt;on&lt;/span&gt; &lt;span class=&quot;k&quot;&gt;all&lt;/span&gt; &lt;span class=&quot;n&quot;&gt;sequences&lt;/span&gt; &lt;span class=&quot;k&quot;&gt;in&lt;/span&gt; &lt;span class=&quot;k&quot;&gt;schema&lt;/span&gt; &lt;span class=&quot;n&quot;&gt;bootcamp&lt;/span&gt; &lt;span class=&quot;k&quot;&gt;to&lt;/span&gt; &lt;span class=&quot;n&quot;&gt;role_name&lt;/span&gt;&lt;span class=&quot;p&quot;&gt;;&lt;/span&gt;

&lt;span class=&quot;c1&quot;&gt;-- ijinkan EXECUTE semua function ke user&lt;/span&gt;
&lt;span class=&quot;k&quot;&gt;grant&lt;/span&gt; &lt;span class=&quot;k&quot;&gt;all&lt;/span&gt; &lt;span class=&quot;k&quot;&gt;privileges&lt;/span&gt; &lt;span class=&quot;k&quot;&gt;on&lt;/span&gt; &lt;span class=&quot;k&quot;&gt;all&lt;/span&gt; &lt;span class=&quot;n&quot;&gt;functions&lt;/span&gt; &lt;span class=&quot;k&quot;&gt;in&lt;/span&gt; &lt;span class=&quot;k&quot;&gt;schema&lt;/span&gt; &lt;span class=&quot;n&quot;&gt;bootcamp&lt;/span&gt; &lt;span class=&quot;k&quot;&gt;to&lt;/span&gt; &lt;span class=&quot;n&quot;&gt;role_name&lt;/span&gt;&lt;span class=&quot;p&quot;&gt;;&lt;/span&gt;
&lt;/code&gt;&lt;/pre&gt;&lt;/div&gt;&lt;/div&gt;

&lt;p&gt;berikut hasilnya;&lt;/p&gt;

&lt;pre&gt;&lt;code class=&quot;language-postgresql-console&quot;&gt;# login using user 'postgres' database 'bootcamp'
psql -h localhost -U postgres bootcamp

bootcamp=# grant connect on database bootcamp to role_name;
GRANT

bootcamp=# grant usage on schema bootcamp to role_name;
GRANT

bootcamp=# grant all privileges on all tables in schema bootcamp to role_name;
GRANT

bootcamp=# grant all privileges on all sequences in schema bootcamp to role_name;
GRANT


bootcamp=# \q
psql -h localhost -U role_name bootcamp
Password for user role_name: 
psql (12.1)
Type &quot;help&quot; for help.

bootcamp=&amp;gt; select * from bootcamp.employees;
 employee_id | first_name  |  last_name  |  email   |    phone_number    |   job_id   |  salary  | commission_pct | manager_id | department_id 
-------------+-------------+-------------+----------+--------------------+------------+----------+----------------+------------+---------------
         100 | Steven      | King        | SKING    | 515.123.4567       | AD_PRES    | 24000.00 |                |            |            90
         101 | Neena       | Kochhar     | NKOCHHAR | 515.123.4568       | AD_VP      | 17000.00 |                |        100 |            90
         102 | Lex         | De Haan     | LDEHAAN  | 515.123.4569       | AD_VP      | 17000.00 |                |        100 |            90
         103 | Alexander   | Hunold      | AHUNOLD  | 590.423.4567       | IT_PROG    |  9000.00 |                |        102 |            60
         104 | Bruce       | Ernst       | BERNST   | 590.423.4568       | IT_PROG    |  6000.00 |                |        103 |            60
         105 | David       | Austin      | DAUSTIN  | 590.423.4569       | IT_PROG    |  4800.00 |                |        103 |            60
         106 | Valli       | Pataballa   | VPATABAL | 590.423.4560       | IT_PROG    |  4800.00 |                |        103 |            60
(107 rows)
&lt;/code&gt;&lt;/pre&gt;</content><author><name>Dimas Maryanto</name></author><summary type="html">Perintah ddl untuk management user authentication di PostgreSQL terdiri dari:</summary></entry><entry xml:lang="psql"><title type="html">Data Definition Language (DDL) di PostgreSQL</title><link href="http://localhost:4000/bootcamp/rdbms/postgresql/030-ddl" rel="alternate" type="text/html" title="Data Definition Language (DDL) di PostgreSQL" /><published>2019-12-30T14:55:30+07:00</published><updated>2019-12-30T14:55:30+07:00</updated><id>http://localhost:4000/bootcamp/rdbms/postgresql/030-ddl</id><content type="html" xml:base="http://localhost:4000/bootcamp/rdbms/postgresql/030-ddl">&lt;p&gt;Data Definition Language, atau singkatan dari DDL yaitu perintah sql yang digunakan untuk membuat, memodifikasi struktur data pada object dalam Database. DDL dibagi menjadi 5 yaitu&lt;/p&gt;

&lt;ol&gt;
  &lt;li&gt;&lt;strong&gt;CREATE&lt;/strong&gt;, digunakan untuk membuat object pada database seperti table, view, sequence, schema dan lain-lain.&lt;/li&gt;
  &lt;li&gt;&lt;strong&gt;DROP&lt;/strong&gt;, digunakan untuk menghapus object pada database seperti table, view, sequence, schema dan lain-lain.&lt;/li&gt;
  &lt;li&gt;&lt;strong&gt;ALTER&lt;/strong&gt;, digunakan untuk memodifikasi object pada database seperti menambahkan kolom pada table, menambahkan constraint pada kolom terntentu.&lt;/li&gt;
  &lt;li&gt;&lt;strong&gt;TRUNCATE&lt;/strong&gt;, digunakan untuk menghapus semua record dalam suatu table.&lt;/li&gt;
  &lt;li&gt;&lt;strong&gt;RENAME&lt;/strong&gt;, digunakan untuk mengubah nama database yang ada.&lt;/li&gt;
&lt;/ol&gt;</content><author><name>Dimas Maryanto</name></author><summary type="html">Data Definition Language, atau singkatan dari DDL yaitu perintah sql yang digunakan untuk membuat, memodifikasi struktur data pada object dalam Database. DDL dibagi menjadi 5 yaitu</summary></entry><entry xml:lang="psql"><title type="html">Transaction Control Language di PostgreSQL</title><link href="http://localhost:4000/bootcamp/rdbms/postgresql/029-tcl" rel="alternate" type="text/html" title="Transaction Control Language di PostgreSQL" /><published>2019-12-29T20:07:46+07:00</published><updated>2019-12-29T20:07:46+07:00</updated><id>http://localhost:4000/bootcamp/rdbms/postgresql/029-tcl</id><content type="html" xml:base="http://localhost:4000/bootcamp/rdbms/postgresql/029-tcl">&lt;p&gt;Transaction Control atau singkatan dari TCL yaitu perintah untuk kendali terhadap suatu perubahan data di Database contoh menginpan data secara permanent yang kita kenal sebagai &lt;code class=&quot;highlighter-rouge&quot;&gt;commit&lt;/code&gt; dan untuk mengembalikan ke kondisi sebelumnya yaitu &lt;code class=&quot;highlighter-rouge&quot;&gt;rollback&lt;/code&gt; dalam suatu transaksi.&lt;/p&gt;

&lt;p&gt;Fungsi utama menggunakan transaction pada Database adalah terkadang jika kita membuat aplikasi, kita tidah hanya menulis di 1 s/d 2 tabel terkadang bisa 10 bahkan ratusan tabel dalam sekali proses bisnis. Contohnya kita transfer antar bank di ATM nah jadi klo dari saldo kita udah ter-debet sedangkan di saldo si penerima tidak bertambah lalu kemana saldonya??? nah ibaratnya seperti itu jadi klo terjadi gagal transaksi maka system harus mengembalikan saldo pengirim.&lt;/p&gt;

&lt;h2 id=&quot;rollback&quot;&gt;Rollback&lt;/h2&gt;

&lt;p&gt;Penggunaan rollback, contohnya seperit berikut, masih di table yang sama yaitu &lt;code class=&quot;highlighter-rouge&quot;&gt;regions&lt;/code&gt;&lt;/p&gt;

&lt;div class=&quot;language-sql highlighter-rouge&quot;&gt;&lt;div class=&quot;highlight&quot;&gt;&lt;pre class=&quot;highlight&quot;&gt;&lt;code&gt;&lt;span class=&quot;k&quot;&gt;begin&lt;/span&gt;&lt;span class=&quot;p&quot;&gt;;&lt;/span&gt;
&lt;span class=&quot;c1&quot;&gt;-- insert new data&lt;/span&gt;
&lt;span class=&quot;k&quot;&gt;INSERT&lt;/span&gt; &lt;span class=&quot;k&quot;&gt;INTO&lt;/span&gt; &lt;span class=&quot;n&quot;&gt;regions&lt;/span&gt; &lt;span class=&quot;p&quot;&gt;(&lt;/span&gt;&lt;span class=&quot;n&quot;&gt;region_id&lt;/span&gt; &lt;span class=&quot;p&quot;&gt;,&lt;/span&gt;&lt;span class=&quot;n&quot;&gt;region_name&lt;/span&gt;&lt;span class=&quot;p&quot;&gt;)&lt;/span&gt; &lt;span class=&quot;k&quot;&gt;VALUES&lt;/span&gt; &lt;span class=&quot;p&quot;&gt;(&lt;/span&gt;&lt;span class=&quot;mi&quot;&gt;6&lt;/span&gt;&lt;span class=&quot;p&quot;&gt;,&lt;/span&gt; &lt;span class=&quot;s1&quot;&gt;'Asia Tenggara'&lt;/span&gt;&lt;span class=&quot;p&quot;&gt;);&lt;/span&gt;
&lt;span class=&quot;c1&quot;&gt;-- select * from regions to show data&lt;/span&gt;

&lt;span class=&quot;c1&quot;&gt;-- then rollback&lt;/span&gt;
&lt;span class=&quot;k&quot;&gt;rollback&lt;/span&gt;&lt;span class=&quot;p&quot;&gt;;&lt;/span&gt;

&lt;span class=&quot;c1&quot;&gt;-- select * from regions to show data after rollback&lt;/span&gt;
&lt;span class=&quot;k&quot;&gt;select&lt;/span&gt; &lt;span class=&quot;o&quot;&gt;*&lt;/span&gt; &lt;span class=&quot;k&quot;&gt;from&lt;/span&gt; &lt;span class=&quot;n&quot;&gt;regions&lt;/span&gt;
&lt;/code&gt;&lt;/pre&gt;&lt;/div&gt;&lt;/div&gt;

&lt;p&gt;hasilnya seperti berikut:&lt;/p&gt;

&lt;pre&gt;&lt;code class=&quot;language-postgresql-console&quot;&gt;bootcamp=# begin;
BEGIN

bootcamp=# INSERT INTO regions (region_id ,region_name) VALUES (6, 'Asia Tenggara');
INSERT 0 1

bootcamp=# select * from regions;
 region_id |      region_name       
-----------+------------------------
         2 | Americas
         3 | Asia
         4 | Middle East and Africa
         1 | Europe
         6 | Asia Tenggara
(5 rows)

bootcamp=# rollback;
ROLLBACK

bootcamp=# select * from regions;
 region_id |      region_name       
-----------+------------------------
         2 | Americas
         3 | Asia
         4 | Middle East and Africa
         1 | Europe
(4 rows)
&lt;/code&gt;&lt;/pre&gt;

&lt;h2 id=&quot;commit&quot;&gt;Commit&lt;/h2&gt;

&lt;p&gt;Penggunaan commit, contohnya seperit berikut masih di table yang sama yaitu &lt;code class=&quot;highlighter-rouge&quot;&gt;regions&lt;/code&gt;&lt;/p&gt;

&lt;div class=&quot;language-sql highlighter-rouge&quot;&gt;&lt;div class=&quot;highlight&quot;&gt;&lt;pre class=&quot;highlight&quot;&gt;&lt;code&gt;&lt;span class=&quot;k&quot;&gt;begin&lt;/span&gt;&lt;span class=&quot;p&quot;&gt;;&lt;/span&gt;
&lt;span class=&quot;c1&quot;&gt;-- insert new data&lt;/span&gt;
&lt;span class=&quot;k&quot;&gt;INSERT&lt;/span&gt; &lt;span class=&quot;k&quot;&gt;INTO&lt;/span&gt; &lt;span class=&quot;n&quot;&gt;regions&lt;/span&gt; &lt;span class=&quot;p&quot;&gt;(&lt;/span&gt;&lt;span class=&quot;n&quot;&gt;region_id&lt;/span&gt; &lt;span class=&quot;p&quot;&gt;,&lt;/span&gt;&lt;span class=&quot;n&quot;&gt;region_name&lt;/span&gt;&lt;span class=&quot;p&quot;&gt;)&lt;/span&gt; &lt;span class=&quot;k&quot;&gt;VALUES&lt;/span&gt; &lt;span class=&quot;p&quot;&gt;(&lt;/span&gt;&lt;span class=&quot;mi&quot;&gt;6&lt;/span&gt;&lt;span class=&quot;p&quot;&gt;,&lt;/span&gt; &lt;span class=&quot;s1&quot;&gt;'Asia Tenggara'&lt;/span&gt;&lt;span class=&quot;p&quot;&gt;);&lt;/span&gt;
&lt;span class=&quot;c1&quot;&gt;-- select * from regions to show data&lt;/span&gt;

&lt;span class=&quot;c1&quot;&gt;-- then commit / end;&lt;/span&gt;
&lt;span class=&quot;k&quot;&gt;COMMIT&lt;/span&gt;&lt;span class=&quot;p&quot;&gt;;&lt;/span&gt;

&lt;span class=&quot;c1&quot;&gt;-- select * from regions to show data after commit&lt;/span&gt;
&lt;span class=&quot;k&quot;&gt;select&lt;/span&gt; &lt;span class=&quot;o&quot;&gt;*&lt;/span&gt; &lt;span class=&quot;k&quot;&gt;from&lt;/span&gt; &lt;span class=&quot;n&quot;&gt;regions&lt;/span&gt;&lt;span class=&quot;p&quot;&gt;;&lt;/span&gt;
&lt;/code&gt;&lt;/pre&gt;&lt;/div&gt;&lt;/div&gt;</content><author><name>Dimas Maryanto</name></author><summary type="html">Transaction Control atau singkatan dari TCL yaitu perintah untuk kendali terhadap suatu perubahan data di Database contoh menginpan data secara permanent yang kita kenal sebagai commit dan untuk mengembalikan ke kondisi sebelumnya yaitu rollback dalam suatu transaksi.</summary></entry><entry xml:lang="psql"><title type="html">Data Manipulation Language (DML) di PostgreSQL</title><link href="http://localhost:4000/bootcamp/rdbms/postgresql/028-dml" rel="alternate" type="text/html" title="Data Manipulation Language (DML) di PostgreSQL" /><published>2019-12-29T19:15:00+07:00</published><updated>2019-12-29T19:15:00+07:00</updated><id>http://localhost:4000/bootcamp/rdbms/postgresql/028-dml</id><content type="html" xml:base="http://localhost:4000/bootcamp/rdbms/postgresql/028-dml">&lt;p&gt;Data Manipulation atau singkatan dari DML yaitu sebuah statement yang digunakan untuk memanipulasi data dalam sebuah tabel di Database. Perintah DML terdiri dari 3 bagian yaitu&lt;/p&gt;

&lt;ol&gt;
  &lt;li&gt;Insert Data&lt;/li&gt;
  &lt;li&gt;Update Data&lt;/li&gt;
  &lt;li&gt;Delete Data&lt;/li&gt;
&lt;/ol&gt;

&lt;h2 id=&quot;insert-data&quot;&gt;Insert Data&lt;/h2&gt;

&lt;p&gt;Ketika tabel telah terbuat, biasanya tidak ada data yang tersedia di dalam tabel tersebut. Untuk mengisi datanya kita harus menjalankan perintah insert atau selain itu kita juga bisa menggunakan fitur backup/restore database, tpi fitur backup/restore tidak akan saya jelaskan di materi bootcamp sekarang. Jadi kita fokus ke materi dml dulu.&lt;/p&gt;

&lt;p&gt;Format penulisan insert statement yaitu sebagai berikut:&lt;/p&gt;

&lt;div class=&quot;language-sql highlighter-rouge&quot;&gt;&lt;div class=&quot;highlight&quot;&gt;&lt;pre class=&quot;highlight&quot;&gt;&lt;code&gt;&lt;span class=&quot;k&quot;&gt;INSERT&lt;/span&gt; &lt;span class=&quot;k&quot;&gt;INTO&lt;/span&gt; &lt;span class=&quot;k&quot;&gt;table_name&lt;/span&gt; &lt;span class=&quot;p&quot;&gt;(&lt;/span&gt;&lt;span class=&quot;n&quot;&gt;column1&lt;/span&gt;&lt;span class=&quot;p&quot;&gt;,&lt;/span&gt; &lt;span class=&quot;n&quot;&gt;column2&lt;/span&gt;&lt;span class=&quot;p&quot;&gt;,&lt;/span&gt; &lt;span class=&quot;p&quot;&gt;...)&lt;/span&gt;
&lt;span class=&quot;k&quot;&gt;VALUES&lt;/span&gt; &lt;span class=&quot;p&quot;&gt;(&lt;/span&gt;&lt;span class=&quot;o&quot;&gt;&amp;lt;&lt;/span&gt;&lt;span class=&quot;n&quot;&gt;value1&lt;/span&gt;&lt;span class=&quot;o&quot;&gt;&amp;gt;&lt;/span&gt;&lt;span class=&quot;p&quot;&gt;,&lt;/span&gt; &lt;span class=&quot;o&quot;&gt;&amp;lt;&lt;/span&gt;&lt;span class=&quot;n&quot;&gt;value2&lt;/span&gt;&lt;span class=&quot;o&quot;&gt;&amp;gt;&lt;/span&gt;&lt;span class=&quot;p&quot;&gt;,&lt;/span&gt; &lt;span class=&quot;o&quot;&gt;&amp;lt;&lt;/span&gt;&lt;span class=&quot;n&quot;&gt;value3&lt;/span&gt;&lt;span class=&quot;o&quot;&gt;&amp;gt;&lt;/span&gt;&lt;span class=&quot;p&quot;&gt;,&lt;/span&gt; &lt;span class=&quot;p&quot;&gt;...);&lt;/span&gt;
&lt;/code&gt;&lt;/pre&gt;&lt;/div&gt;&lt;/div&gt;

&lt;p&gt;Contoh penggunaanya adalah sebagai berikut, contohnya saya menambahkan data baru ke table &lt;code class=&quot;highlighter-rouge&quot;&gt;regions&lt;/code&gt; dengan data seperti berikut:&lt;/p&gt;

&lt;table&gt;
  &lt;thead&gt;
    &lt;tr&gt;
      &lt;th&gt;region_id&lt;/th&gt;
      &lt;th&gt;region_name&lt;/th&gt;
    &lt;/tr&gt;
  &lt;/thead&gt;
  &lt;tbody&gt;
    &lt;tr&gt;
      &lt;td&gt;5&lt;/td&gt;
      &lt;td&gt;Asia Tenggara&lt;/td&gt;
    &lt;/tr&gt;
  &lt;/tbody&gt;
&lt;/table&gt;

&lt;p&gt;Maka berikut querynya:&lt;/p&gt;

&lt;div class=&quot;language-sql highlighter-rouge&quot;&gt;&lt;div class=&quot;highlight&quot;&gt;&lt;pre class=&quot;highlight&quot;&gt;&lt;code&gt;&lt;span class=&quot;k&quot;&gt;INSERT&lt;/span&gt; &lt;span class=&quot;k&quot;&gt;INTO&lt;/span&gt; &lt;span class=&quot;n&quot;&gt;regions&lt;/span&gt; &lt;span class=&quot;p&quot;&gt;(&lt;/span&gt;&lt;span class=&quot;n&quot;&gt;region_name&lt;/span&gt;&lt;span class=&quot;p&quot;&gt;)&lt;/span&gt; &lt;span class=&quot;k&quot;&gt;VALUES&lt;/span&gt; &lt;span class=&quot;p&quot;&gt;(&lt;/span&gt;&lt;span class=&quot;s1&quot;&gt;'Asia Tenggara '&lt;/span&gt;&lt;span class=&quot;p&quot;&gt;);&lt;/span&gt;
&lt;/code&gt;&lt;/pre&gt;&lt;/div&gt;&lt;/div&gt;

&lt;p&gt;berikut hasilnya:&lt;/p&gt;

&lt;pre&gt;&lt;code class=&quot;language-postgresql-console&quot;&gt;bootcamp=# INSERT INTO regions (region_name) VALUES ('Asia Tenggara');
INSERT 0 1

bootcamp=# select * from regions;
 region_id |      region_name       
-----------+------------------------
         1 | Europe
         2 | Americas
         3 | Asia
         4 | Middle East and Africa
         5 | Asia Tenggara
(5 rows)

bootcamp=# 
&lt;/code&gt;&lt;/pre&gt;

&lt;h2 id=&quot;update-data&quot;&gt;Update Data&lt;/h2&gt;

&lt;p&gt;Perintah update data, biasanya kita melakukan modifikasi data terhadap beberapa column dalam sebuah tabel di Database dengan / tanpa menggunakan where klausa.&lt;/p&gt;

&lt;p&gt;Format penulisan update statement yaitu sebagai berikut:&lt;/p&gt;

&lt;div class=&quot;language-sql highlighter-rouge&quot;&gt;&lt;div class=&quot;highlight&quot;&gt;&lt;pre class=&quot;highlight&quot;&gt;&lt;code&gt;&lt;span class=&quot;k&quot;&gt;UPDATE&lt;/span&gt; &lt;span class=&quot;k&quot;&gt;table_name&lt;/span&gt; &lt;span class=&quot;k&quot;&gt;SET&lt;/span&gt; 
    &lt;span class=&quot;n&quot;&gt;column_update1&lt;/span&gt; &lt;span class=&quot;o&quot;&gt;=&lt;/span&gt; &lt;span class=&quot;o&quot;&gt;&amp;lt;&lt;/span&gt;&lt;span class=&quot;n&quot;&gt;value1&lt;/span&gt;&lt;span class=&quot;o&quot;&gt;&amp;gt;&lt;/span&gt;&lt;span class=&quot;p&quot;&gt;,&lt;/span&gt; 
    &lt;span class=&quot;n&quot;&gt;column_update2&lt;/span&gt; &lt;span class=&quot;o&quot;&gt;=&lt;/span&gt; &lt;span class=&quot;o&quot;&gt;&amp;lt;&lt;/span&gt;&lt;span class=&quot;n&quot;&gt;value2&lt;/span&gt;&lt;span class=&quot;o&quot;&gt;&amp;gt;&lt;/span&gt;
&lt;span class=&quot;k&quot;&gt;WHERE&lt;/span&gt; &lt;span class=&quot;n&quot;&gt;column_key&lt;/span&gt; &lt;span class=&quot;o&quot;&gt;=&lt;/span&gt; &lt;span class=&quot;o&quot;&gt;&amp;lt;&lt;/span&gt;&lt;span class=&quot;n&quot;&gt;valueKey&lt;/span&gt;&lt;span class=&quot;o&quot;&gt;&amp;gt;&lt;/span&gt;
&lt;/code&gt;&lt;/pre&gt;&lt;/div&gt;&lt;/div&gt;

&lt;p&gt;Contoh penggunaanya adalah sebagai berikut, contohnya saya mau update data pada table &lt;code class=&quot;highlighter-rouge&quot;&gt;regions&lt;/code&gt; kolom &lt;code class=&quot;highlighter-rouge&quot;&gt;region_name&lt;/code&gt; yang valuenya &lt;code class=&quot;highlighter-rouge&quot;&gt;Asia Tenggara&lt;/code&gt; menjadi &lt;code class=&quot;highlighter-rouge&quot;&gt;Oceania&lt;/code&gt;, maka berikut querynya:&lt;/p&gt;

&lt;div class=&quot;language-sql highlighter-rouge&quot;&gt;&lt;div class=&quot;highlight&quot;&gt;&lt;pre class=&quot;highlight&quot;&gt;&lt;code&gt;&lt;span class=&quot;k&quot;&gt;UPDATE&lt;/span&gt; &lt;span class=&quot;n&quot;&gt;regions&lt;/span&gt; 
&lt;span class=&quot;k&quot;&gt;SET&lt;/span&gt; &lt;span class=&quot;n&quot;&gt;region_name&lt;/span&gt; &lt;span class=&quot;o&quot;&gt;=&lt;/span&gt; &lt;span class=&quot;s1&quot;&gt;'Oceania'&lt;/span&gt;
&lt;span class=&quot;k&quot;&gt;WHERE&lt;/span&gt; &lt;span class=&quot;n&quot;&gt;region_id&lt;/span&gt; &lt;span class=&quot;o&quot;&gt;=&lt;/span&gt; &lt;span class=&quot;mi&quot;&gt;5&lt;/span&gt;&lt;span class=&quot;p&quot;&gt;;&lt;/span&gt;
&lt;/code&gt;&lt;/pre&gt;&lt;/div&gt;&lt;/div&gt;

&lt;p&gt;berikut hasilnya:&lt;/p&gt;

&lt;pre&gt;&lt;code class=&quot;language-postgresql-console&quot;&gt;bootcamp=# UPDATE regions 
bootcamp-# SET region_name = 'Oceania'
bootcamp-# WHERE region_id = 5;
UPDATE 1

bootcamp=# select * from regions;
 region_id |      region_name       
-----------+------------------------
         2 | Americas
         3 | Asia
         4 | Middle East and Africa
         1 | Europe
         5 | Oceania
(5 rows)

bootcamp=# 
&lt;/code&gt;&lt;/pre&gt;

&lt;p&gt;&lt;strong&gt;Note&lt;/strong&gt; jika kita tidak menggunakan where klausa, maka semua data akan terupdate!!&lt;/p&gt;

&lt;h2 id=&quot;delete-data&quot;&gt;Delete Data&lt;/h2&gt;

&lt;p&gt;Perintah delete data, biasanya kita gunakan untuk menghapus data dari table tertentu dengan / tanpa menggukanan where klausa.&lt;/p&gt;

&lt;p&gt;Format penulisan delete statement yaitu seperti berikut:&lt;/p&gt;

&lt;div class=&quot;language-sql highlighter-rouge&quot;&gt;&lt;div class=&quot;highlight&quot;&gt;&lt;pre class=&quot;highlight&quot;&gt;&lt;code&gt;&lt;span class=&quot;k&quot;&gt;DELETE&lt;/span&gt; &lt;span class=&quot;k&quot;&gt;FROM&lt;/span&gt; &lt;span class=&quot;k&quot;&gt;table_name&lt;/span&gt; 
&lt;span class=&quot;k&quot;&gt;WHERE&lt;/span&gt; &lt;span class=&quot;n&quot;&gt;column_key&lt;/span&gt; &lt;span class=&quot;o&quot;&gt;=&lt;/span&gt; &lt;span class=&quot;o&quot;&gt;&amp;lt;&lt;/span&gt;&lt;span class=&quot;n&quot;&gt;valueKey&lt;/span&gt;&lt;span class=&quot;o&quot;&gt;&amp;gt;&lt;/span&gt;
&lt;/code&gt;&lt;/pre&gt;&lt;/div&gt;&lt;/div&gt;

&lt;p&gt;Contoh penggunaanya adalah sebagai berikut, contohnya saya mau menghapus data yang telah saya insert tadi, yaitu dengan &lt;code class=&quot;highlighter-rouge&quot;&gt;region_id = 5&lt;/code&gt;, maka berikut querynya:&lt;/p&gt;

&lt;div class=&quot;language-sql highlighter-rouge&quot;&gt;&lt;div class=&quot;highlight&quot;&gt;&lt;pre class=&quot;highlight&quot;&gt;&lt;code&gt;&lt;span class=&quot;k&quot;&gt;delete&lt;/span&gt; &lt;span class=&quot;k&quot;&gt;from&lt;/span&gt; &lt;span class=&quot;n&quot;&gt;regions&lt;/span&gt;
&lt;span class=&quot;k&quot;&gt;where&lt;/span&gt; &lt;span class=&quot;n&quot;&gt;region_id&lt;/span&gt; &lt;span class=&quot;o&quot;&gt;=&lt;/span&gt; &lt;span class=&quot;mi&quot;&gt;5&lt;/span&gt;&lt;span class=&quot;p&quot;&gt;;&lt;/span&gt;
&lt;/code&gt;&lt;/pre&gt;&lt;/div&gt;&lt;/div&gt;

&lt;p&gt;berikut hasilnya:&lt;/p&gt;

&lt;pre&gt;&lt;code class=&quot;language-postgresql-console&quot;&gt;bootcamp=# delete from regions
where region_id = 5;
DELETE 1

bootcamp=# select * from regions;
 region_id |      region_name       
-----------+------------------------
         2 | Americas
         3 | Asia
         4 | Middle East and Africa
         1 | Europe
(4 rows)
&lt;/code&gt;&lt;/pre&gt;

&lt;p&gt;&lt;strong&gt;Note&lt;/strong&gt; jika kita tidak menggunakan where klausa, maka semua data akan terhapus!!&lt;/p&gt;</content><author><name>Dimas Maryanto</name></author><summary type="html">Data Manipulation atau singkatan dari DML yaitu sebuah statement yang digunakan untuk memanipulasi data dalam sebuah tabel di Database. Perintah DML terdiri dari 3 bagian yaitu</summary></entry></feed>